Username,Latitude,Longitude,Altitude,AltitudeReference,Date,Time,EquipmentMake,EquipmentModel,CameraSerialNumber,LensSerialNumber,Username2,Username3,Username4,MetaDataTag,ArchiveFolder,URL,BackupURL
ACER,0,0,0,Unavailable,2020-12-29,13:00:43,Unavailable,Unavailable,Unavailable,Unavailable,ACER,ACER,ACER,meta-9bPDfP503cKH.json,9b,RREEPPLLAACCEE/9b/PD/9bPDfP503cKH.mp4,RREEPPLLAACCEE/9b/PD/9bPDfP503cKH_small.mp4
Unavailable,40.8149,75.7318,170.971,Above Sea Level,2020-08-17,13:23:11,Apple,iPhone 8,Unavailable,Unavailable,Unavailble,Unavailable,Unavailable,meta-9B1FNIuJ04TU.json,9B,RREEPPLLAACCEE/9B/1F/9B1FNIuJ04TU.mp4,RREEPPLLAACCEE/9B/1F/9B1FNIuJ04TU_small.mp4
Unavailable,51.0424,114.1372,1121.901,Above Sea Level,2021-01-06,05:02:53,Apple,iPhone 8,Unavailable,Unavailable,Unavailble,Unavailable,Unavailable,meta-9B3CbbObH7lI.json,9B,RREEPPLLAACCEE/9B/3C/9B3CbbObH7lI.mp4,RREEPPLLAACCEE/9B/3C/9B3CbbObH7lI_small.mp4
Unavailable,32.8213,117.1534,127.354,Above Sea Level,2018-01-20,03:12:59,Apple,iPhone 7 Plus,Unavailable,Unavailable,Unavailble,Unavailable,Unavailable,meta-9BAtKZwXtjSs.json,9B,RREEPPLLAACCEE/9B/At/9BAtKZwXtjSs.mp4,RREEPPLLAACCEE/9B/At/9BAtKZwXtjSs_small.mp4
Unavailable,44.0643,84.0571,253.858,Above Sea Level,2020-12-09,01:51:34,Apple,iPhone 12,Unavailable,Unavailable,Unavailble,Unavailable,Unavailable,meta-9BEug8Ez0PP2.json,9B,RREEPPLLAACCEE/9B/Eu/9BEug8Ez0PP2.mp4,RREEPPLLAACCEE/9B/Eu/9BEug8Ez0PP2_small.mp4
Unavailable,33.8603,78.6992,19.187,Above Sea Level,2020-08-12,15:34:30,Apple,iPhone 8,Unavailable,Unavailable,Unavailble,Unavailable,Unavailable,meta-9BMh21G9Q4ut.json,9B,RREEPPLLAACCEE/9B/Mh/9BMh21G9Q4ut.mp4,RREEPPLLAACCEE/9B/Mh/9BMh21G9Q4ut_small.mp4
Unavailable,33.4214,112.2324,0,Unavailable,2020-11-09,19:59:24,Unavailable,Unavailable,Unavailable,Unavailable,Unavailble,Unavailable,Unavailable,meta-9BP22mLXYpBE.json,9B,RREEPPLLAACCEE/9B/P2/9BP22mLXYpBE.mp4,RREEPPLLAACCEE/9B/P2/9BP22mLXYpBE_small.mp4
Unavailable,35.4253,120.8792,16.713,Above Sea Level,2020-12-09,21:59:51,Apple,iPhone 11,Unavailable,Unavailable,Unavailble,Unavailable,Unavailable,meta-9BbOZ8vlnqYw.json,9B,RREEPPLLAACCEE/9B/bO/9BbOZ8vlnqYw.mp4,RREEPPLLAACCEE/9B/bO/9BbOZ8vlnqYw_small.mp4
Unavailable,30.4332,81.6642,7.282,Above Sea Level,2020-07-20,17:42:48,Apple,iPhone 11,Unavailable,Unavailable,Unavailble,Unavailable,Unavailable,meta-9BgusJ0U8G21.json,9B,RREEPPLLAACCEE/9B/gu/9BgusJ0U8G21.mp4,RREEPPLLAACCEE/9B/gu/9BgusJ0U8G21_small.mp4
Unavailable,31.5430,97.2099,196.524,Above Sea Level,2020-11-18,23:28:42,Apple,iPhone 6,Unavailable,Unavailable,Unavailble,Unavailable,Unavailable,meta-9Bl3yCkO5I3E.json,9B,RREEPPLLAACCEE/9B/l3/9Bl3yCkO5I3E.mp4,RREEPPLLAACCEE/9B/l3/9Bl3yCkO5I3E_small.mp4
Unavailable,25.7711,80.3953,2.789,Above Sea Level,2020-12-22,00:07:48,Apple,iPhone 8 Plus,Unavailable,Unavailable,Unavailble,Unavailable,Unavailable,meta-9BsEVnhfN8P0.json,9B,RREEPPLLAACCEE/9B/sE/9BsEVnhfN8P0.mp4,RREEPPLLAACCEE/9B/sE/9BsEVnhfN8P0_small.mp4
Unavailable,40.3706,122.2073,175.359,Above Sea Level,2020-08-08,22:59:10,Apple,iPhone 11 Pro Max,Unavailable,Unavailable,Unavailble,Unavailable,Unavailable,meta-9BsREqWNPz5V.json,9B,RREEPPLLAACCEE/9B/sR/9BsREqWNPz5V.mp4,RREEPPLLAACCEE/9B/sR/9BsREqWNPz5V_small.mp4
Unavailable,35.8482,80.8385,256.535,Above Sea Level,2020-10-01,02:29:47,Apple,iPhone 6s,Unavailable,Unavailable,Unavailble,Unavailable,Unavailable,meta-9Bu3vx3vy38t.json,9B,RREEPPLLAACCEE/9B/u3/9Bu3vx3vy38t.mp4,RREEPPLLAACCEE/9B/u3/9Bu3vx3vy38t_small.mp4
Unavailable,35.9898,115.1718,712.826,Above Sea Level,2020-09-13,23:06:36,Apple,iPhone XR,Unavailable,Unavailable,Unavailble,Unavailable,Unavailable,meta-9Bzs92UENn6Q.json,9B,RREEPPLLAACCEE/9B/zs/9Bzs92UENn6Q.mp4,RREEPPLLAACCEE/9B/zs/9Bzs92UENn6Q_small.mp4
Unavailable,41.8922,87.7111,183.653,Above Sea Level,2020-07-29,19:31:36,Apple,iPhone XS Max,Unavailable,Unavailable,Unavailble,Unavailable,Unavailable,meta-9b3Yr6koDcYe.json,9b,RREEPPLLAACCEE/9b/3Y/9b3Yr6koDcYe.mp4,RREEPPLLAACCEE/9b/3Y/9b3Yr6koDcYe_small.mp4
Unavailable,28.8138,81.6798,32.339,Above Sea Level,2020-11-18,16:01:11,Apple,iPhone 7 Plus,Unavailable,Unavailable,Unavailble,Unavailable,Unavailable,meta-9bDiRzrBTnTn.json,9b,RREEPPLLAACCEE/9b/Di/9bDiRzrBTnTn.mp4,RREEPPLLAACCEE/9b/Di/9bDiRzrBTnTn_small.mp4
Unavailable,38.8896,77.0104,13.367,Above Sea Level,2021-01-06,19:45:42,Apple,iPhone 11,Unavailable,Unavailable,Unavailble,Unavailable,Unavailable,meta-9bJLFfPeZlk8.json,9b,RREEPPLLAACCEE/9b/JL/9bJLFfPeZlk8.mp4,RREEPPLLAACCEE/9b/JL/9bJLFfPeZlk8_small.mp4
Unavailable,41.3205,72.8736,10.085,Above Sea Level,2020-08-06,02:26:47,Apple,iPhone 11 Pro,Unavailable,Unavailable,Unavailble,Unavailable,Unavailable,meta-9bUBHkkRl0C0.json,9b,RREEPPLLAACCEE/9b/UB/9bUBHkkRl0C0.mp4,RREEPPLLAACCEE/9b/UB/9bUBHkkRl0C0_small.mp4
Unavailable,43.7619,101.9247,790.596,Above Sea Level,2020-08-19,21:02:16,Apple,iPhone 11 Pro Max,Unavailable,Unavailable,Unavailble,Unavailable,Unavailable,meta-9bfHwlH4wzZx.json,9b,RREEPPLLAACCEE/9b/fH/9bfHwlH4wzZx.mp4,RREEPPLLAACCEE/9b/fH/9bfHwlH4wzZx_small.mp4
Unavailable,38.8734,77.0609,6.746,Above Sea Level,2020-12-23,21:52:19,Apple,iPhone 12,Unavailable,Unavailable,Unavailble,Unavailable,Unavailable,meta-9btpbBz0hzaG.json,9b,RREEPPLLAACCEE/9b/tp/9btpbBz0hzaG.mp4,RREEPPLLAACCEE/9b/tp/9btpbBz0hzaG_small.mp4
Unavailable,53.4042,1.4696,147.273,Above Sea Level,2020-11-18,15:36:00,Apple,iPhone 8,Unavailable,Unavailable,Unavailble,Unavailable,Unavailable,meta-9bxpNVQ8p49n.json,9b,RREEPPLLAACCEE/9b/xp/9bxpNVQ8p49n.mp4,RREEPPLLAACCEE/9b/xp/9bxpNVQ8p49n_small.mp4
Unavailable,0,0,0,Unavailable,2020-10-08,19:48:31,Unavailable,Unavailable,Unavailable,Unavailable,Unavailble,Unavailable,Unavailable,meta-9B03jqLB2ng5.json,9B,RREEPPLLAACCEE/9B/03/9B03jqLB2ng5.mp4,RREEPPLLAACCEE/9B/03/9B03jqLB2ng5_small.mp4
Unavailable,0,0,0,Unavailable,2020-08-01,18:54:43,Apple,iPhone 6s,Unavailable,Unavailable,Unavailble,Unavailable,Unavailable,meta-9B0FjIdtVGcO.json,9B,RREEPPLLAACCEE/9B/0F/9B0FjIdtVGcO.mp4,RREEPPLLAACCEE/9B/0F/9B0FjIdtVGcO_small.mp4
Unavailable,0,0,0,Unavailable,0000-00-00,00:00:00,Unavailable,Unavailable,Unavailable,Unavailable,Unavailble,Unavailable,Unavailable,meta-9B0KE4Cc68FP.json,9B,RREEPPLLAACCEE/9B/0K/9B0KE4Cc68FP.mp4,RREEPPLLAACCEE/9B/0K/9B0KE4Cc68FP_small.mp4
Unavailable,0,0,0,Unavailable,2020-08-27,04:20:21,Unavailable,Unavailable,Unavailable,Unavailable,Unavailble,Unavailable,Unavailable,meta-9B1iZBDg0h9B.json,9B,RREEPPLLAACCEE/9B/1i/9B1iZBDg0h9B.mp4,RREEPPLLAACCEE/9B/1i/9B1iZBDg0h9B_small.mp4
Unavailable,0,0,0,Unavailable,2020-08-12,11:55:30,Unavailable,Unavailable,Unavailable,Unavailable,Unavailble,Unavailable,Unavailable,meta-9B1x7GqZS75d.json,9B,RREEPPLLAACCEE/9B/1x/9B1x7GqZS75d.mp4,RREEPPLLAACCEE/9B/1x/9B1x7GqZS75d_small.mp4
Unavailable,0,0,0,Unavailable,2020-10-18,14:38:56,Unavailable,Unavailable,Unavailable,Unavailable,Unavailble,Unavailable,Unavailable,meta-9B2Nce6YeBFy.json,9B,RREEPPLLAACCEE/9B/2N/9B2Nce6YeBFy.mp4,RREEPPLLAACCEE/9B/2N/9B2Nce6YeBFy_small.mp4
Unavailable,0,0,0,Unavailable,0000-00-00,00:00:00,Unavailable,Unavailable,Unavailable,Unavailable,Unavailble,Unavailable,Unavailable,meta-9B2RQqytkOaX.json,9B,RREEPPLLAACCEE/9B/2R/9B2RQqytkOaX.mp4,RREEPPLLAACCEE/9B/2R/9B2RQqytkOaX_small.mp4
Unavailable,0,0,0,Unavailable,2020-11-19,01:12:34,Unavailable,Unavailable,Unavailable,Unavailable,Unavailble,Unavailable,Unavailable,meta-9B2dwysQCSCz.json,9B,RREEPPLLAACCEE/9B/2d/9B2dwysQCSCz.mp4,RREEPPLLAACCEE/9B/2d/9B2dwysQCSCz_small.mp4
Unavailable,0,0,0,Unavailable,2020-09-13,02:24:46,Unavailable,Unavailable,Unavailable,Unavailable,Unavailble,Unavailable,Unavailable,meta-9B2jk9HnxTL6.json,9B,RREEPPLLAACCEE/9B/2j/9B2jk9HnxTL6.mp4,RREEPPLLAACCEE/9B/2j/9B2jk9HnxTL6_small.mp4
Unavailable,0,0,0,Unavailable,2020-10-11,16:37:16,Unavailable,Unavailable,Unavailable,Unavailable,Unavailble,Unavailable,Unavailable,meta-9B2olYHGLvha.json,9B,RREEPPLLAACCEE/9B/2o/9B2olYHGLvha.mp4,RREEPPLLAACCEE/9B/2o/9B2olYHGLvha_small.mp4
Unavailable,0,0,0,Unavailable,0000-00-00,00:00:00,Unavailable,Unavailable,Unavailable,Unavailable,Unavailble,Unavailable,Unavailable,meta-9B2qTuaQui7W.json,9B,RREEPPLLAACCEE/9B/2q/9B2qTuaQui7W.mp4,RREEPPLLAACCEE/9B/2q/9B2qTuaQui7W_small.mp4
Unavailable,0,0,0,Unavailable,0000-00-00,00:00:00,Unavailable,Unavailable,Unavailable,Unavailable,Unavailble,Unavailable,Unavailable,meta-9B36Et7PruSy.json,9B,RREEPPLLAACCEE/9B/36/9B36Et7PruSy.mp4,RREEPPLLAACCEE/9B/36/9B36Et7PruSy_small.mp4
Unavailable,0,0,0,Unavailable,0000-00-00,00:00:00,Unavailable,Unavailable,Unavailable,Unavailable,Unavailble,Unavailable,Unavailable,meta-9B3g3IWVki95.json,9B,RREEPPLLAACCEE/9B/3g/9B3g3IWVki95.mp4,RREEPPLLAACCEE/9B/3g/9B3g3IWVki95_small.mp4
Unavailable,0,0,0,Unavailable,2020-12-12,00:31:11,Unavailable,Unavailable,Unavailable,Unavailable,Unavailble,Unavailable,Unavailable,meta-9B4bf3jRw4f2.json,9B,RREEPPLLAACCEE/9B/4b/9B4bf3jRw4f2.mp4,RREEPPLLAACCEE/9B/4b/9B4bf3jRw4f2_small.mp4
Unavailable,0,0,0,Unavailable,2021-01-08,22:02:52,Unavailable,Unavailable,Unavailable,Unavailable,Unavailble,Unavailable,Unavailable,meta-9B4jl1LvPG6m.json,9B,RREEPPLLAACCEE/9B/4j/9B4jl1LvPG6m.mp4,RREEPPLLAACCEE/9B/4j/9B4jl1LvPG6m_small.mp4
Unavailable,0,0,0,Unavailable,0000-00-00,00:00:00,Unavailable,Unavailable,Unavailable,Unavailable,Unavailble,Unavailable,Unavailable,meta-9B4l4ufoto3J.json,9B,RREEPPLLAACCEE/9B/4l/9B4l4ufoto3J.mp4,RREEPPLLAACCEE/9B/4l/9B4l4ufoto3J_small.mp4
Unavailable,0,0,0,Unavailable,2020-12-01,15:32:13,Unavailable,Unavailable,Unavailable,Unavailable,Unavailble,Unavailable,Unavailable,meta-9B4sTVlYSlwA.json,9B,RREEPPLLAACCEE/9B/4s/9B4sTVlYSlwA.mp4,RREEPPLLAACCEE/9B/4s/9B4sTVlYSlwA_small.mp4
Unavailable,0,0,0,Unavailable,2020-07-22,08:13:47,Unavailable,Unavailable,Unavailable,Unavailable,Unavailble,Unavailable,Unavailable,meta-9B4wXoZwRaT9.json,9B,RREEPPLLAACCEE/9B/4w/9B4wXoZwRaT9.mp4,RREEPPLLAACCEE/9B/4w/9B4wXoZwRaT9_small.mp4
Unavailable,0,0,0,Unavailable,2020-07-20,05:45:05,Unavailable,Unavailable,Unavailable,Unavailable,Unavailble,Unavailable,Unavailable,meta-9B4x6OzJ4PGW.json,9B,RREEPPLLAACCEE/9B/4x/9B4x6OzJ4PGW.mp4,RREEPPLLAACCEE/9B/4x/9B4x6OzJ4PGW_small.mp4
Unavailable,0,0,0,Unavailable,2020-05-04,23:32:53,Unavailable,Unavailable,Unavailable,Unavailable,Unavailble,Unavailable,Unavailable,meta-9B4y4k1ivuQr.json,9B,RREEPPLLAACCEE/9B/4y/9B4y4k1ivuQr.mp4,RREEPPLLAACCEE/9B/4y/9B4y4k1ivuQr_small.mp4
Unavailable,0,0,0,Unavailable,2019-12-05,06:41:33,Unavailable,Unavailable,Unavailable,Unavailable,Unavailble,Unavailable,Unavailable,meta-9B51gy5bIDFp.json,9B,RREEPPLLAACCEE/9B/51/9B51gy5bIDFp.mp4,RREEPPLLAACCEE/9B/51/9B51gy5bIDFp_small.mp4
Unavailable,0,0,0,Unavailable,2020-11-03,12:53:27,Unavailable,Unavailable,Unavailable,Unavailable,Unavailble,Unavailable,Unavailable,meta-9B5D0t3sMWnr.json,9B,RREEPPLLAACCEE/9B/5D/9B5D0t3sMWnr.mp4,RREEPPLLAACCEE/9B/5D/9B5D0t3sMWnr_small.mp4
Unavailable,0,0,0,Unavailable,2021-01-08,19:10:34,Apple,iPhone XS Max,Unavailable,Unavailable,Unavailble,Unavailable,Unavailable,meta-9B5PZJ9Vp1ih.json,9B,RREEPPLLAACCEE/9B/5P/9B5PZJ9Vp1ih.mp4,RREEPPLLAACCEE/9B/5P/9B5PZJ9Vp1ih_small.mp4
Unavailable,0,0,0,Unavailable,0000-00-00,00:00:00,Unavailable,Unavailable,Unavailable,Unavailable,Unavailble,Unavailable,Unavailable,meta-9B5ignyTgdCD.json,9B,RREEPPLLAACCEE/9B/5i/9B5ignyTgdCD.mp4,RREEPPLLAACCEE/9B/5i/9B5ignyTgdCD_small.mp4
Unavailable,0,0,0,Unavailable,2020-07-18,05:13:43,Unavailable,Unavailable,Unavailable,Unavailable,Unavailble,Unavailable,Unavailable,meta-9B6LwtqKaHQn.json,9B,RREEPPLLAACCEE/9B/6L/9B6LwtqKaHQn.mp4,RREEPPLLAACCEE/9B/6L/9B6LwtqKaHQn_small.mp4
Unavailable,0,0,0,Unavailable,2020-07-09,20:16:10,Unavailable,Unavailable,Unavailable,Unavailable,Unavailble,Unavailable,Unavailable,meta-9B6al7sQ0xbD.json,9B,RREEPPLLAACCEE/9B/6a/9B6al7sQ0xbD.mp4,RREEPPLLAACCEE/9B/6a/9B6al7sQ0xbD_small.mp4
Unavailable,0,0,0,Unavailable,0000-00-00,00:00:00,Unavailable,Unavailable,Unavailable,Unavailable,Unavailble,Unavailable,Unavailable,meta-9B6dh0UCtxg5.json,9B,RREEPPLLAACCEE/9B/6d/9B6dh0UCtxg5.mp4,RREEPPLLAACCEE/9B/6d/9B6dh0UCtxg5_small.mp4
Unavailable,0,0,0,Unavailable,2020-09-06,03:03:35,Unavailable,Unavailable,Unavailable,Unavailable,Unavailble,Unavailable,Unavailable,meta-9B6hAccjHbtl.json,9B,RREEPPLLAACCEE/9B/6h/9B6hAccjHbtl.mp4,RREEPPLLAACCEE/9B/6h/9B6hAccjHbtl_small.mp4
Unavailable,0,0,0,Unavailable,0000-00-00,00:00:00,Unavailable,Unavailable,Unavailable,Unavailable,Unavailble,Unavailable,Unavailable,meta-9B77GWbDgbzp.json,9B,RREEPPLLAACCEE/9B/77/9B77GWbDgbzp.mp4,RREEPPLLAACCEE/9B/77/9B77GWbDgbzp_small.mp4
Unavailable,0,0,0,Unavailable,2020-08-24,17:59:34,Unavailable,Unavailable,Unavailable,Unavailable,Unavailble,Unavailable,Unavailable,meta-9B78ud4NR0eo.json,9B,RREEPPLLAACCEE/9B/78/9B78ud4NR0eo.mp4,RREEPPLLAACCEE/9B/78/9B78ud4NR0eo_small.mp4
Unavailable,0,0,0,Unavailable,2020-11-14,20:00:22,Unavailable,Unavailable,Unavailable,Unavailable,Unavailble,Unavailable,Unavailable,meta-9B7CnQsPc8Cy.json,9B,RREEPPLLAACCEE/9B/7C/9B7CnQsPc8Cy.mp4,RREEPPLLAACCEE/9B/7C/9B7CnQsPc8Cy_small.mp4
Unavailable,0,0,0,Unavailable,0000-00-00,00:00:00,Unavailable,Unavailable,Unavailable,Unavailable,Unavailble,Unavailable,Unavailable,meta-9B7eQEMugoac.json,9B,RREEPPLLAACCEE/9B/7e/9B7eQEMugoac.mp4,RREEPPLLAACCEE/9B/7e/9B7eQEMugoac_small.mp4
Unavailable,0,0,0,Unavailable,2020-11-09,22:27:06,Unavailable,Unavailable,Unavailable,Unavailable,Unavailble,Unavailable,Unavailable,meta-9B7qXM4sqLXq.json,9B,RREEPPLLAACCEE/9B/7q/9B7qXM4sqLXq.mp4,RREEPPLLAACCEE/9B/7q/9B7qXM4sqLXq_small.mp4
Unavailable,0,0,0,Unavailable,0000-00-00,00:00:00,Unavailable,Unavailable,Unavailable,Unavailable,Unavailble,Unavailable,Unavailable,meta-9B8CRKk2kkgT.json,9B,RREEPPLLAACCEE/9B/8C/9B8CRKk2kkgT.mp4,RREEPPLLAACCEE/9B/8C/9B8CRKk2kkgT_small.mp4
Unavailable,0,0,0,Unavailable,2020-11-15,22:22:07,Unavailable,Unavailable,Unavailable,Unavailable,Unavailble,Unavailable,Unavailable,meta-9B8MvoJV07L5.json,9B,RREEPPLLAACCEE/9B/8M/9B8MvoJV07L5.mp4,RREEPPLLAACCEE/9B/8M/9B8MvoJV07L5_small.mp4
Unavailable,0,0,0,Unavailable,2020-08-21,19:07:12,Unavailable,Unavailable,Unavailable,Unavailable,Unavailble,Unavailable,Unavailable,meta-9B8n36EREdmH.json,9B,RREEPPLLAACCEE/9B/8n/9B8n36EREdmH.mp4,RREEPPLLAACCEE/9B/8n/9B8n36EREdmH_small.mp4
Unavailable,0,0,0,Unavailable,0000-00-00,00:00:00,Unavailable,Unavailable,Unavailable,Unavailable,Unavailble,Unavailable,Unavailable,meta-9B9EFW7L4wCN.json,9B,RREEPPLLAACCEE/9B/9E/9B9EFW7L4wCN.mp4,RREEPPLLAACCEE/9B/9E/9B9EFW7L4wCN_small.mp4
Unavailable,0,0,0,Unavailable,0000-00-00,00:00:00,Unavailable,Unavailable,Unavailable,Unavailable,Unavailble,Unavailable,Unavailable,meta-9BACwnpnKC3T.json,9B,RREEPPLLAACCEE/9B/AC/9BACwnpnKC3T.mp4,RREEPPLLAACCEE/9B/AC/9BACwnpnKC3T_small.mp4
Unavailable,0,0,0,Unavailable,2021-01-07,23:40:33,Apple,iPhone 11,Unavailable,Unavailable,Unavailble,Unavailable,Unavailable,meta-9BAioU8z62qh.json,9B,RREEPPLLAACCEE/9B/Ai/9BAioU8z62qh.mp4,RREEPPLLAACCEE/9B/Ai/9BAioU8z62qh_small.mp4
Unavailable,0,0,0,Unavailable,0000-00-00,00:00:00,Unavailable,Unavailable,Unavailable,Unavailable,Unavailble,Unavailable,Unavailable,meta-9BAoFc1FbOvv.json,9B,RREEPPLLAACCEE/9B/Ao/9BAoFc1FbOvv.mp4,RREEPPLLAACCEE/9B/Ao/9BAoFc1FbOvv_small.mp4
Unavailable,0,0,0,Unavailable,2021-01-08,22:54:52,Unavailable,Unavailable,Unavailable,Unavailable,Unavailble,Unavailable,Unavailable,meta-9BAqC2x0iryl.json,9B,RREEPPLLAACCEE/9B/Aq/9BAqC2x0iryl.mp4,RREEPPLLAACCEE/9B/Aq/9BAqC2x0iryl_small.mp4
Unavailable,0,0,0,Unavailable,0000-00-00,00:00:00,Unavailable,Unavailable,Unavailable,Unavailable,Unavailble,Unavailable,Unavailable,meta-9BB0h4V4IixS.json,9B,RREEPPLLAACCEE/9B/B0/9BB0h4V4IixS.mp4,RREEPPLLAACCEE/9B/B0/9BB0h4V4IixS_small.mp4
Unavailable,0,0,0,Unavailable,2020-12-17,06:45:46,Unavailable,Unavailable,Unavailable,Unavailable,Unavailble,Unavailable,Unavailable,meta-9BB8iLcruTPS.json,9B,RREEPPLLAACCEE/9B/B8/9BB8iLcruTPS.mp4,RREEPPLLAACCEE/9B/B8/9BB8iLcruTPS_small.mp4
Unavailable,0,0,0,Unavailable,0000-00-00,00:00:00,Unavailable,Unavailable,Unavailable,Unavailable,Unavailble,Unavailable,Unavailable,meta-9BCHgrdLWuGr.json,9B,RREEPPLLAACCEE/9B/CH/9BCHgrdLWuGr.mp4,RREEPPLLAACCEE/9B/CH/9BCHgrdLWuGr_small.mp4
Unavailable,0,0,0,Unavailable,2020-10-12,14:39:07,Unavailable,Unavailable,Unavailable,Unavailable,Unavailble,Unavailable,Unavailable,meta-9BCJu21IIPoS.json,9B,RREEPPLLAACCEE/9B/CJ/9BCJu21IIPoS.mp4,RREEPPLLAACCEE/9B/CJ/9BCJu21IIPoS_small.mp4
Unavailable,0,0,0,Unavailable,2021-01-03,22:54:11,Unavailable,Unavailable,Unavailable,Unavailable,Unavailble,Unavailable,Unavailable,meta-9BCTjtpCRQdd.json,9B,RREEPPLLAACCEE/9B/CT/9BCTjtpCRQdd.mp4,RREEPPLLAACCEE/9B/CT/9BCTjtpCRQdd_small.mp4
Unavailable,0,0,0,Unavailable,2020-06-04,19:44:57,Unavailable,Unavailable,Unavailable,Unavailable,Unavailble,Unavailable,Unavailable,meta-9BCfkWJRw40e.json,9B,RREEPPLLAACCEE/9B/Cf/9BCfkWJRw40e.mp4,RREEPPLLAACCEE/9B/Cf/9BCfkWJRw40e_small.mp4
Unavailable,0,0,0,Unavailable,2021-01-06,18:11:37,Unavailable,Unavailable,Unavailable,Unavailable,Unavailble,Unavailable,Unavailable,meta-9BChn7utZ9sv.json,9B,RREEPPLLAACCEE/9B/Ch/9BChn7utZ9sv.mp4,RREEPPLLAACCEE/9B/Ch/9BChn7utZ9sv_small.mp4
Unavailable,0,0,0,Unavailable,2020-11-17,21:06:13,Unavailable,Unavailable,Unavailable,Unavailable,Unavailble,Unavailable,Unavailable,meta-9BCiBU6CyzXm.json,9B,RREEPPLLAACCEE/9B/Ci/9BCiBU6CyzXm.mp4,RREEPPLLAACCEE/9B/Ci/9BCiBU6CyzXm_small.mp4
Unavailable,0,0,0,Unavailable,2020-07-03,16:47:14,Unavailable,Unavailable,Unavailable,Unavailable,Unavailble,Unavailable,Unavailable,meta-9BCk9uKxKhMT.json,9B,RREEPPLLAACCEE/9B/Ck/9BCk9uKxKhMT.mp4,RREEPPLLAACCEE/9B/Ck/9BCk9uKxKhMT_small.mp4
Unavailable,0,0,0,Unavailable,2019-12-30,07:29:31,Apple,iPhone XR,Unavailable,Unavailable,Unavailble,Unavailable,Unavailable,meta-9BCpXJH7tZEn.json,9B,RREEPPLLAACCEE/9B/Cp/9BCpXJH7tZEn.mp4,RREEPPLLAACCEE/9B/Cp/9BCpXJH7tZEn_small.mp4
Unavailable,0,0,0,Unavailable,2020-11-18,13:55:24,Unavailable,Unavailable,Unavailable,Unavailable,Unavailble,Unavailable,Unavailable,meta-9BD602POylwc.json,9B,RREEPPLLAACCEE/9B/D6/9BD602POylwc.mp4,RREEPPLLAACCEE/9B/D6/9BD602POylwc_small.mp4
Unavailable,0,0,0,Unavailable,2020-11-03,00:20:53,Unavailable,Unavailable,Unavailable,Unavailable,Unavailble,Unavailable,Unavailable,meta-9BDRRsEynROP.json,9B,RREEPPLLAACCEE/9B/DR/9BDRRsEynROP.mp4,RREEPPLLAACCEE/9B/DR/9BDRRsEynROP_small.mp4
Unavailable,0,0,0,Unavailable,2020-11-13,13:14:13,Unavailable,Unavailable,Unavailable,Unavailable,Unavailble,Unavailable,Unavailable,meta-9BDkxS0mKEHL.json,9B,RREEPPLLAACCEE/9B/Dk/9BDkxS0mKEHL.mp4,RREEPPLLAACCEE/9B/Dk/9BDkxS0mKEHL_small.mp4
Unavailable,0,0,0,Unavailable,2020-10-26,07:05:07,Unavailable,Unavailable,Unavailable,Unavailable,Unavailble,Unavailable,Unavailable,meta-9BDpDxdKFfJO.json,9B,RREEPPLLAACCEE/9B/Dp/9BDpDxdKFfJO.mp4,RREEPPLLAACCEE/9B/Dp/9BDpDxdKFfJO_small.mp4
Unavailable,0,0,0,Unavailable,2021-01-06,16:16:04,Apple,iPhone 11 Pro Max,Unavailable,Unavailable,Unavailble,Unavailable,Unavailable,meta-9BEbFi91Nvx4.json,9B,RREEPPLLAACCEE/9B/Eb/9BEbFi91Nvx4.mp4,RREEPPLLAACCEE/9B/Eb/9BEbFi91Nvx4_small.mp4
Unavailable,0,0,0,Unavailable,2020-12-27,23:33:46,Unavailable,Unavailable,Unavailable,Unavailable,Unavailble,Unavailable,Unavailable,meta-9BEioQIQul36.json,9B,RREEPPLLAACCEE/9B/Ei/9BEioQIQul36.mp4,RREEPPLLAACCEE/9B/Ei/9BEioQIQul36_small.mp4
Unavailable,0,0,0,Unavailable,2020-10-10,17:02:00,Unavailable,Unavailable,Unavailable,Unavailable,Unavailble,Unavailable,Unavailable,meta-9BEqfZN8D2Cw.json,9B,RREEPPLLAACCEE/9B/Eq/9BEqfZN8D2Cw.mp4,RREEPPLLAACCEE/9B/Eq/9BEqfZN8D2Cw_small.mp4
Unavailable,0,0,0,Unavailable,2020-11-09,19:26:23,Unavailable,Unavailable,Unavailable,Unavailable,Unavailble,Unavailable,Unavailable,meta-9BEzy2pvkTuk.json,9B,RREEPPLLAACCEE/9B/Ez/9BEzy2pvkTuk.mp4,RREEPPLLAACCEE/9B/Ez/9BEzy2pvkTuk_small.mp4
Unavailable,0,0,0,Unavailable,2020-10-22,13:35:36,Unavailable,Unavailable,Unavailable,Unavailable,Unavailble,Unavailable,Unavailable,meta-9BF4d0o1ka6b.json,9B,RREEPPLLAACCEE/9B/F4/9BF4d0o1ka6b.mp4,RREEPPLLAACCEE/9B/F4/9BF4d0o1ka6b_small.mp4
Unavailable,0,0,0,Unavailable,2020-07-31,17:50:02,Unavailable,Unavailable,Unavailable,Unavailable,Unavailble,Unavailable,Unavailable,meta-9BFIlrlBnwuX.json,9B,RREEPPLLAACCEE/9B/FI/9BFIlrlBnwuX.mp4,RREEPPLLAACCEE/9B/FI/9BFIlrlBnwuX_small.mp4
Unavailable,0,0,0,Unavailable,2020-06-29,18:55:08,Unavailable,Unavailable,Unavailable,Unavailable,Unavailble,Unavailable,Unavailable,meta-9BFizR5cQCil.json,9B,RREEPPLLAACCEE/9B/Fi/9BFizR5cQCil.mp4,RREEPPLLAACCEE/9B/Fi/9BFizR5cQCil_small.mp4
Unavailable,0,0,0,Unavailable,2020-12-29,04:43:15,Unavailable,Unavailable,Unavailable,Unavailable,Unavailble,Unavailable,Unavailable,meta-9BFoo6D1jpad.json,9B,RREEPPLLAACCEE/9B/Fo/9BFoo6D1jpad.mp4,RREEPPLLAACCEE/9B/Fo/9BFoo6D1jpad_small.mp4
Unavailable,0,0,0,Unavailable,0000-00-00,00:00:00,Unavailable,Unavailable,Unavailable,Unavailable,Unavailble,Unavailable,Unavailable,meta-9BFrdxOV9cIr.json,9B,RREEPPLLAACCEE/9B/Fr/9BFrdxOV9cIr.mp4,RREEPPLLAACCEE/9B/Fr/9BFrdxOV9cIr_small.mp4
Unavailable,0,0,0,Unavailable,0000-00-00,00:00:00,Unavailable,Unavailable,Unavailable,Unavailable,Unavailble,Unavailable,Unavailable,meta-9BGByGt1wmYd.json,9B,RREEPPLLAACCEE/9B/GB/9BGByGt1wmYd.mp4,RREEPPLLAACCEE/9B/GB/9BGByGt1wmYd_small.mp4
Unavailable,0,0,0,Unavailable,2018-05-14,03:12:09,Unavailable,Unavailable,Unavailable,Unavailable,Unavailble,Unavailable,Unavailable,meta-9BGJm4IMjb2s.json,9B,RREEPPLLAACCEE/9B/GJ/9BGJm4IMjb2s.mp4,RREEPPLLAACCEE/9B/GJ/9BGJm4IMjb2s_small.mp4
Unavailable,0,0,0,Unavailable,2020-12-26,23:10:02,Unavailable,Unavailable,Unavailable,Unavailable,Unavailble,Unavailable,Unavailable,meta-9BGTwv5fuw0C.json,9B,RREEPPLLAACCEE/9B/GT/9BGTwv5fuw0C.mp4,RREEPPLLAACCEE/9B/GT/9BGTwv5fuw0C_small.mp4
Unavailable,0,0,0,Unavailable,0000-00-00,00:00:00,Unavailable,Unavailable,Unavailable,Unavailable,Unavailble,Unavailable,Unavailable,meta-9BGe4HADBXPw.json,9B,RREEPPLLAACCEE/9B/Ge/9BGe4HADBXPw.mp4,RREEPPLLAACCEE/9B/Ge/9BGe4HADBXPw_small.mp4
Unavailable,0,0,0,Unavailable,2020-09-23,12:31:04,Unavailable,Unavailable,Unavailable,Unavailable,Unavailble,Unavailable,Unavailable,meta-9BHWmJUFDH2M.json,9B,RREEPPLLAACCEE/9B/HW/9BHWmJUFDH2M.mp4,RREEPPLLAACCEE/9B/HW/9BHWmJUFDH2M_small.mp4
Unavailable,0,0,0,Unavailable,0000-00-00,00:00:00,Unavailable,Unavailable,Unavailable,Unavailable,Unavailble,Unavailable,Unavailable,meta-9BHg0tu4kImz.json,9B,RREEPPLLAACCEE/9B/Hg/9BHg0tu4kImz.mp4,RREEPPLLAACCEE/9B/Hg/9BHg0tu4kImz_small.mp4
Unavailable,0,0,0,Unavailable,2020-07-30,10:07:55,Unavailable,Unavailable,Unavailable,Unavailable,Unavailble,Unavailable,Unavailable,meta-9BI23NgI11nq.json,9B,RREEPPLLAACCEE/9B/I2/9BI23NgI11nq.mp4,RREEPPLLAACCEE/9B/I2/9BI23NgI11nq_small.mp4
Unavailable,0,0,0,Unavailable,2020-07-17,09:11:25,Unavailable,Unavailable,Unavailable,Unavailable,Unavailble,Unavailable,Unavailable,meta-9BIEPbOvVWQg.json,9B,RREEPPLLAACCEE/9B/IE/9BIEPbOvVWQg.mp4,RREEPPLLAACCEE/9B/IE/9BIEPbOvVWQg_small.mp4
Unavailable,0,0,0,Unavailable,0000-00-00,00:00:00,Unavailable,Unavailable,Unavailable,Unavailable,Unavailble,Unavailable,Unavailable,meta-9BIMdK5xPZ76.json,9B,RREEPPLLAACCEE/9B/IM/9BIMdK5xPZ76.mp4,RREEPPLLAACCEE/9B/IM/9BIMdK5xPZ76_small.mp4
Unavailable,0,0,0,Unavailable,2020-08-02,18:22:16,Unavailable,Unavailable,Unavailable,Unavailable,Unavailble,Unavailable,Unavailable,meta-9BJH17V1H0IV.json,9B,RREEPPLLAACCEE/9B/JH/9BJH17V1H0IV.mp4,RREEPPLLAACCEE/9B/JH/9BJH17V1H0IV_small.mp4
Unavailable,0,0,0,Unavailable,0000-00-00,00:00:00,Unavailable,Unavailable,Unavailable,Unavailable,Unavailble,Unavailable,Unavailable,meta-9BJTeIReHE1E.json,9B,RREEPPLLAACCEE/9B/JT/9BJTeIReHE1E.mp4,RREEPPLLAACCEE/9B/JT/9BJTeIReHE1E_small.mp4
Unavailable,0,0,0,Unavailable,2020-08-19,08:16:46,Unavailable,Unavailable,Unavailable,Unavailable,Unavailble,Unavailable,Unavailable,meta-9BKaZGdDiQa6.json,9B,RREEPPLLAACCEE/9B/Ka/9BKaZGdDiQa6.mp4,RREEPPLLAACCEE/9B/Ka/9BKaZGdDiQa6_small.mp4
Unavailable,0,0,0,Unavailable,0000-00-00,00:00:00,Unavailable,Unavailable,Unavailable,Unavailable,Unavailble,Unavailable,Unavailable,meta-9BKy1eQdzm1I.json,9B,RREEPPLLAACCEE/9B/Ky/9BKy1eQdzm1I.mp4,RREEPPLLAACCEE/9B/Ky/9BKy1eQdzm1I_small.mp4
Unavailable,0,0,0,Unavailable,0000-00-00,00:00:00,Unavailable,Unavailable,Unavailable,Unavailable,Unavailble,Unavailable,Unavailable,meta-9BL4k4tNTiZO.json,9B,RREEPPLLAACCEE/9B/L4/9BL4k4tNTiZO.mp4,RREEPPLLAACCEE/9B/L4/9BL4k4tNTiZO_small.mp4
Unavailable,0,0,0,Unavailable,0000-00-00,00:00:00,Unavailable,Unavailable,Unavailable,Unavailable,Unavailble,Unavailable,Unavailable,meta-9BLUz4wjb0Xr.json,9B,RREEPPLLAACCEE/9B/LU/9BLUz4wjb0Xr.mp4,RREEPPLLAACCEE/9B/LU/9BLUz4wjb0Xr_small.mp4
Unavailable,0,0,0,Unavailable,2020-11-21,04:39:53,Unavailable,Unavailable,Unavailable,Unavailable,Unavailble,Unavailable,Unavailable,meta-9BMfAHrReXHl.json,9B,RREEPPLLAACCEE/9B/Mf/9BMfAHrReXHl.mp4,RREEPPLLAACCEE/9B/Mf/9BMfAHrReXHl_small.mp4
Unavailable,0,0,0,Unavailable,2020-11-15,04:06:08,Unavailable,Unavailable,Unavailable,Unavailable,Unavailble,Unavailable,Unavailable,meta-9BNCGcjbyY1j.json,9B,RREEPPLLAACCEE/9B/NC/9BNCGcjbyY1j.mp4,RREEPPLLAACCEE/9B/NC/9BNCGcjbyY1j_small.mp4
Unavailable,0,0,0,Unavailable,2020-09-15,17:03:07,Unavailable,Unavailable,Unavailable,Unavailable,Unavailble,Unavailable,Unavailable,meta-9BOCZNQ7yz3D.json,9B,RREEPPLLAACCEE/9B/OC/9BOCZNQ7yz3D.mp4,RREEPPLLAACCEE/9B/OC/9BOCZNQ7yz3D_small.mp4
Unavailable,0,0,0,Unavailable,2021-01-07,08:14:10,Unavailable,Unavailable,Unavailable,Unavailable,Unavailble,Unavailable,Unavailable,meta-9BOvOzTQq272.json,9B,RREEPPLLAACCEE/9B/Ov/9BOvOzTQq272.mp4,RREEPPLLAACCEE/9B/Ov/9BOvOzTQq272_small.mp4
Unavailable,0,0,0,Unavailable,2020-11-01,01:05:45,Unavailable,Unavailable,Unavailable,Unavailable,Unavailble,Unavailable,Unavailable,meta-9BQ8K6VGbd6I.json,9B,RREEPPLLAACCEE/9B/Q8/9BQ8K6VGbd6I.mp4,RREEPPLLAACCEE/9B/Q8/9BQ8K6VGbd6I_small.mp4
Unavailable,0,0,0,Unavailable,Unavailable,Unavailable,Unavailable,Unavailable,Unavailable,Unavailable,Unavailble,Unavailable,Unavailable,meta-9BQtNE1BIHWl.json,9B,RREEPPLLAACCEE/9B/Qt/9BQtNE1BIHWl.mp4,RREEPPLLAACCEE/9B/Qt/9BQtNE1BIHWl_small.mp4
Unavailable,0,0,0,Unavailable,2020-10-30,09:56:22,Unavailable,Unavailable,Unavailable,Unavailable,Unavailble,Unavailable,Unavailable,meta-9BRExKS3uoUk.json,9B,RREEPPLLAACCEE/9B/RE/9BRExKS3uoUk.mp4,RREEPPLLAACCEE/9B/RE/9BRExKS3uoUk_small.mp4
Unavailable,0,0,0,Unavailable,0000-00-00,00:00:00,Unavailable,Unavailable,Unavailable,Unavailable,Unavailble,Unavailable,Unavailable,meta-9BRjdgMeShV0.json,9B,RREEPPLLAACCEE/9B/Rj/9BRjdgMeShV0.mp4,RREEPPLLAACCEE/9B/Rj/9BRjdgMeShV0_small.mp4
Unavailable,0,0,0,Unavailable,0000-00-00,00:00:00,Unavailable,Unavailable,Unavailable,Unavailable,Unavailble,Unavailable,Unavailable,meta-9BRsQTlK1Mn1.json,9B,RREEPPLLAACCEE/9B/Rs/9BRsQTlK1Mn1.mp4,RREEPPLLAACCEE/9B/Rs/9BRsQTlK1Mn1_small.mp4
Unavailable,0,0,0,Unavailable,0000-00-00,00:00:00,Unavailable,Unavailable,Unavailable,Unavailable,Unavailble,Unavailable,Unavailable,meta-9BS6PLNOq8Zv.json,9B,RREEPPLLAACCEE/9B/S6/9BS6PLNOq8Zv.mp4,RREEPPLLAACCEE/9B/S6/9BS6PLNOq8Zv_small.mp4
Unavailable,0,0,0,Unavailable,2020-10-30,22:26:31,Unavailable,Unavailable,Unavailable,Unavailable,Unavailble,Unavailable,Unavailable,meta-9BSFwrLMoHmb.json,9B,RREEPPLLAACCEE/9B/SF/9BSFwrLMoHmb.mp4,RREEPPLLAACCEE/9B/SF/9BSFwrLMoHmb_small.mp4
Unavailable,0,0,0,Unavailable,2020-09-21,22:04:26,Apple,iPhone XS Max,Unavailable,Unavailable,Unavailble,Unavailable,Unavailable,meta-9BSMZlXU5zXe.json,9B,RREEPPLLAACCEE/9B/SM/9BSMZlXU5zXe.mp4,RREEPPLLAACCEE/9B/SM/9BSMZlXU5zXe_small.mp4
Unavailable,0,0,0,Unavailable,0000-00-00,00:00:00,Unavailable,Unavailable,Unavailable,Unavailable,Unavailble,Unavailable,Unavailable,meta-9BSZs9vm0PGf.json,9B,RREEPPLLAACCEE/9B/SZ/9BSZs9vm0PGf.mp4,RREEPPLLAACCEE/9B/SZ/9BSZs9vm0PGf_small.mp4
Unavailable,0,0,0,Unavailable,0000-00-00,00:00:00,Unavailable,Unavailable,Unavailable,Unavailable,Unavailble,Unavailable,Unavailable,meta-9BSbfDCd1OKZ.json,9B,RREEPPLLAACCEE/9B/Sb/9BSbfDCd1OKZ.mp4,RREEPPLLAACCEE/9B/Sb/9BSbfDCd1OKZ_small.mp4
Unavailable,0,0,0,Unavailable,2020-11-21,06:25:31,Unavailable,Unavailable,Unavailable,Unavailable,Unavailble,Unavailable,Unavailable,meta-9BSfyJ1rGj9e.json,9B,RREEPPLLAACCEE/9B/Sf/9BSfyJ1rGj9e.mp4,RREEPPLLAACCEE/9B/Sf/9BSfyJ1rGj9e_small.mp4
Unavailable,0,0,0,Unavailable,2020-11-28,22:51:26,Unavailable,Unavailable,Unavailable,Unavailable,Unavailble,Unavailable,Unavailable,meta-9BT7fLAAZrv2.json,9B,RREEPPLLAACCEE/9B/T7/9BT7fLAAZrv2.mp4,RREEPPLLAACCEE/9B/T7/9BT7fLAAZrv2_small.mp4
Unavailable,0,0,0,Unavailable,2020-07-15,21:07:12,Unavailable,Unavailable,Unavailable,Unavailable,Unavailble,Unavailable,Unavailable,meta-9BTbK8wg0IIA.json,9B,RREEPPLLAACCEE/9B/Tb/9BTbK8wg0IIA.mp4,RREEPPLLAACCEE/9B/Tb/9BTbK8wg0IIA_small.mp4
Unavailable,0,0,0,Unavailable,2020-12-09,13:06:36,Apple,iPhone SE (2nd generation),Unavailable,Unavailable,Unavailble,Unavailable,Unavailable,meta-9BTxUMjIkLZ2.json,9B,RREEPPLLAACCEE/9B/Tx/9BTxUMjIkLZ2.mp4,RREEPPLLAACCEE/9B/Tx/9BTxUMjIkLZ2_small.mp4
Unavailable,0,0,0,Unavailable,0000-00-00,00:00:00,Unavailable,Unavailable,Unavailable,Unavailable,Unavailble,Unavailable,Unavailable,meta-9BU8zb9T7qJO.json,9B,RREEPPLLAACCEE/9B/U8/9BU8zb9T7qJO.mp4,RREEPPLLAACCEE/9B/U8/9BU8zb9T7qJO_small.mp4
Unavailable,0,0,0,Unavailable,2021-01-07,23:33:31,Unavailable,Unavailable,Unavailable,Unavailable,Unavailble,Unavailable,Unavailable,meta-9BU9mpErTBtq.json,9B,RREEPPLLAACCEE/9B/U9/9BU9mpErTBtq.mp4,RREEPPLLAACCEE/9B/U9/9BU9mpErTBtq_small.mp4
Unavailable,0,0,0,Unavailable,2020-09-29,17:16:24,Unavailable,Unavailable,Unavailable,Unavailable,Unavailble,Unavailable,Unavailable,meta-9BUFGFklWtue.json,9B,RREEPPLLAACCEE/9B/UF/9BUFGFklWtue.mp4,RREEPPLLAACCEE/9B/UF/9BUFGFklWtue_small.mp4
Unavailable,0,0,0,Unavailable,0000-00-00,00:00:00,Unavailable,Unavailable,Unavailable,Unavailable,Unavailble,Unavailable,Unavailable,meta-9BUWDEYbThrD.json,9B,RREEPPLLAACCEE/9B/UW/9BUWDEYbThrD.mp4,RREEPPLLAACCEE/9B/UW/9BUWDEYbThrD_small.mp4
Unavailable,0,0,0,Unavailable,0000-00-00,00:00:00,Unavailable,Unavailable,Unavailable,Unavailable,Unavailble,Unavailable,Unavailable,meta-9BUkrR07udut.json,9B,RREEPPLLAACCEE/9B/Uk/9BUkrR07udut.mp4,RREEPPLLAACCEE/9B/Uk/9BUkrR07udut_small.mp4
Unavailable,0,0,0,Unavailable,2020-08-14,04:55:10,Unavailable,Unavailable,Unavailable,Unavailable,Unavailble,Unavailable,Unavailable,meta-9BVozPRKuoYd.json,9B,RREEPPLLAACCEE/9B/Vo/9BVozPRKuoYd.mp4,RREEPPLLAACCEE/9B/Vo/9BVozPRKuoYd_small.mp4
Unavailable,0,0,0,Unavailable,2020-12-13,14:35:08,Unavailable,Unavailable,Unavailable,Unavailable,Unavailble,Unavailable,Unavailable,meta-9BW8kzOiP7o8.json,9B,RREEPPLLAACCEE/9B/W8/9BW8kzOiP7o8.mp4,RREEPPLLAACCEE/9B/W8/9BW8kzOiP7o8_small.mp4
Unavailable,0,0,0,Unavailable,2020-08-07,06:10:42,Unavailable,Unavailable,Unavailable,Unavailable,Unavailble,Unavailable,Unavailable,meta-9BWcR46UgdMn.json,9B,RREEPPLLAACCEE/9B/Wc/9BWcR46UgdMn.mp4,RREEPPLLAACCEE/9B/Wc/9BWcR46UgdMn_small.mp4
Unavailable,0,0,0,Unavailable,2020-09-08,21:51:01,Unavailable,Unavailable,Unavailable,Unavailable,Unavailble,Unavailable,Unavailable,meta-9BX7KATYPL81.json,9B,RREEPPLLAACCEE/9B/X7/9BX7KATYPL81.mp4,RREEPPLLAACCEE/9B/X7/9BX7KATYPL81_small.mp4
Unavailable,0,0,0,Unavailable,0000-00-00,00:00:00,Unavailable,Unavailable,Unavailable,Unavailable,Unavailble,Unavailable,Unavailable,meta-9BXkvcbqvlz3.json,9B,RREEPPLLAACCEE/9B/Xk/9BXkvcbqvlz3.mp4,RREEPPLLAACCEE/9B/Xk/9BXkvcbqvlz3_small.mp4
Unavailable,0,0,0,Unavailable,2020-11-26,13:38:06,Apple,iPhone 8 Plus,Unavailable,Unavailable,Unavailble,Unavailable,Unavailable,meta-9BYFx3xOxr2l.json,9B,RREEPPLLAACCEE/9B/YF/9BYFx3xOxr2l.mp4,RREEPPLLAACCEE/9B/YF/9BYFx3xOxr2l_small.mp4
Unavailable,0,0,0,Unavailable,2018-08-17,16:09:44,Unavailable,Unavailable,Unavailable,Unavailable,Unavailble,Unavailable,Unavailable,meta-9BZhEO3Wz7BS.json,9B,RREEPPLLAACCEE/9B/Zh/9BZhEO3Wz7BS.mp4,RREEPPLLAACCEE/9B/Zh/9BZhEO3Wz7BS_small.mp4
Unavailable,0,0,0,Unavailable,2020-11-16,03:12:59,Unavailable,Unavailable,Unavailable,Unavailable,Unavailble,Unavailable,Unavailable,meta-9BZuCMN9Un49.json,9B,RREEPPLLAACCEE/9B/Zu/9BZuCMN9Un49.mp4,RREEPPLLAACCEE/9B/Zu/9BZuCMN9Un49_small.mp4
Unavailable,0,0,0,Unavailable,2018-03-08,08:57:40,Unavailable,Unavailable,Unavailable,Unavailable,Unavailble,Unavailable,Unavailable,meta-9BZxQfZpKUrn.json,9B,RREEPPLLAACCEE/9B/Zx/9BZxQfZpKUrn.mp4,RREEPPLLAACCEE/9B/Zx/9BZxQfZpKUrn_small.mp4
Unavailable,0,0,0,Unavailable,Unavailable,Unavailable,Unavailable,Unavailable,Unavailable,Unavailable,Unavailble,Unavailable,Unavailable,meta-9BaAKVbZf4I2.json,9B,RREEPPLLAACCEE/9B/aA/9BaAKVbZf4I2.mp4,RREEPPLLAACCEE/9B/aA/9BaAKVbZf4I2_small.mp4
Unavailable,0,0,0,Unavailable,0000-00-00,00:00:00,Unavailable,Unavailable,Unavailable,Unavailable,Unavailble,Unavailable,Unavailable,meta-9BaPVVBKbMH9.json,9B,RREEPPLLAACCEE/9B/aP/9BaPVVBKbMH9.mp4,RREEPPLLAACCEE/9B/aP/9BaPVVBKbMH9_small.mp4
Unavailable,0,0,0,Unavailable,2020-11-19,12:58:00,Unavailable,Unavailable,Unavailable,Unavailable,Unavailble,Unavailable,Unavailable,meta-9BaWEU9ljPcK.json,9B,RREEPPLLAACCEE/9B/aW/9BaWEU9ljPcK.mp4,RREEPPLLAACCEE/9B/aW/9BaWEU9ljPcK_small.mp4
Unavailable,0,0,0,Unavailable,2020-11-25,23:57:43,Unavailable,Unavailable,Unavailable,Unavailable,Unavailble,Unavailable,Unavailable,meta-9BbBbEDHhhHb.json,9B,RREEPPLLAACCEE/9B/bB/9BbBbEDHhhHb.mp4,RREEPPLLAACCEE/9B/bB/9BbBbEDHhhHb_small.mp4
Unavailable,0,0,0,Unavailable,0000-00-00,00:00:00,Unavailable,Unavailable,Unavailable,Unavailable,Unavailble,Unavailable,Unavailable,meta-9BdCkrjRLCoN.json,9B,RREEPPLLAACCEE/9B/dC/9BdCkrjRLCoN.mp4,RREEPPLLAACCEE/9B/dC/9BdCkrjRLCoN_small.mp4
Unavailable,0,0,0,Unavailable,2020-12-11,04:12:54,Unavailable,Unavailable,Unavailable,Unavailable,Unavailble,Unavailable,Unavailable,meta-9BdGWmmzitt7.json,9B,RREEPPLLAACCEE/9B/dG/9BdGWmmzitt7.mp4,RREEPPLLAACCEE/9B/dG/9BdGWmmzitt7_small.mp4
Unavailable,0,0,0,Unavailable,2020-08-01,20:06:04,Unavailable,Unavailable,Unavailable,Unavailable,Unavailble,Unavailable,Unavailable,meta-9Be51aRCPnWg.json,9B,RREEPPLLAACCEE/9B/e5/9Be51aRCPnWg.mp4,RREEPPLLAACCEE/9B/e5/9Be51aRCPnWg_small.mp4
Unavailable,0,0,0,Unavailable,2020-12-12,17:44:39,Unavailable,Unavailable,Unavailable,Unavailable,Unavailble,Unavailable,Unavailable,meta-9BfaVpj5BJ2W.json,9B,RREEPPLLAACCEE/9B/fa/9BfaVpj5BJ2W.mp4,RREEPPLLAACCEE/9B/fa/9BfaVpj5BJ2W_small.mp4
Unavailable,0,0,0,Unavailable,0000-00-00,00:00:00,Unavailable,Unavailable,Unavailable,Unavailable,Unavailble,Unavailable,Unavailable,meta-9BfsogmbVqXL.json,9B,RREEPPLLAACCEE/9B/fs/9BfsogmbVqXL.mp4,RREEPPLLAACCEE/9B/fs/9BfsogmbVqXL_small.mp4
Unavailable,0,0,0,Unavailable,0000-00-00,00:00:00,Unavailable,Unavailable,Unavailable,Unavailable,Unavailble,Unavailable,Unavailable,meta-9BgcnhDEfBIO.json,9B,RREEPPLLAACCEE/9B/gc/9BgcnhDEfBIO.mp4,RREEPPLLAACCEE/9B/gc/9BgcnhDEfBIO_small.mp4
Unavailable,0,0,0,Unavailable,2020-12-28,22:59:47,Unavailable,Unavailable,Unavailable,Unavailable,Unavailble,Unavailable,Unavailable,meta-9BgeqekEx4Ta.json,9B,RREEPPLLAACCEE/9B/ge/9BgeqekEx4Ta.mp4,RREEPPLLAACCEE/9B/ge/9BgeqekEx4Ta_small.mp4
Unavailable,0,0,0,Unavailable,0000-00-00,00:00:00,Unavailable,Unavailable,Unavailable,Unavailable,Unavailble,Unavailable,Unavailable,meta-9Bgu7e2SJJWY.json,9B,RREEPPLLAACCEE/9B/gu/9Bgu7e2SJJWY.mp4,RREEPPLLAACCEE/9B/gu/9Bgu7e2SJJWY_small.mp4
Unavailable,0,0,0,Unavailable,0000-00-00,00:00:00,Unavailable,Unavailable,Unavailable,Unavailable,Unavailble,Unavailable,Unavailable,meta-9BhAmQZLk7v1.json,9B,RREEPPLLAACCEE/9B/hA/9BhAmQZLk7v1.mp4,RREEPPLLAACCEE/9B/hA/9BhAmQZLk7v1_small.mp4
Unavailable,0,0,0,Unavailable,2021-01-08,03:43:47,Unavailable,Unavailable,Unavailable,Unavailable,Unavailble,Unavailable,Unavailable,meta-9BhE55NzNh50.json,9B,RREEPPLLAACCEE/9B/hE/9BhE55NzNh50.mp4,RREEPPLLAACCEE/9B/hE/9BhE55NzNh50_small.mp4
Unavailable,0,0,0,Unavailable,2020-07-23,14:42:21,Unavailable,Unavailable,Unavailable,Unavailable,Unavailble,Unavailable,Unavailable,meta-9BhS9cAt8f2S.json,9B,RREEPPLLAACCEE/9B/hS/9BhS9cAt8f2S.mp4,RREEPPLLAACCEE/9B/hS/9BhS9cAt8f2S_small.mp4
Unavailable,0,0,0,Unavailable,2020-11-17,11:29:12,Unavailable,Unavailable,Unavailable,Unavailable,Unavailble,Unavailable,Unavailable,meta-9BhT06RBNioY.json,9B,RREEPPLLAACCEE/9B/hT/9BhT06RBNioY.mp4,RREEPPLLAACCEE/9B/hT/9BhT06RBNioY_small.mp4
Unavailable,0,0,0,Unavailable,0000-00-00,00:00:00,Unavailable,Unavailable,Unavailable,Unavailable,Unavailble,Unavailable,Unavailable,meta-9BhTGNHJ607m.json,9B,RREEPPLLAACCEE/9B/hT/9BhTGNHJ607m.mp4,RREEPPLLAACCEE/9B/hT/9BhTGNHJ607m_small.mp4
Unavailable,0,0,0,Unavailable,0000-00-00,00:00:00,Unavailable,Unavailable,Unavailable,Unavailable,Unavailble,Unavailable,Unavailable,meta-9BidQlIUtKVe.json,9B,RREEPPLLAACCEE/9B/id/9BidQlIUtKVe.mp4,RREEPPLLAACCEE/9B/id/9BidQlIUtKVe_small.mp4
Unavailable,0,0,0,Unavailable,2019-10-15,04:51:31,Unavailable,Unavailable,Unavailable,Unavailable,Unavailble,Unavailable,Unavailable,meta-9Bim4GdZU77T.json,9B,RREEPPLLAACCEE/9B/im/9Bim4GdZU77T.mp4,RREEPPLLAACCEE/9B/im/9Bim4GdZU77T_small.mp4
Unavailable,0,0,0,Unavailable,0000-00-00,00:00:00,Unavailable,Unavailable,Unavailable,Unavailable,Unavailble,Unavailable,Unavailable,meta-9BjooMOnfT2b.json,9B,RREEPPLLAACCEE/9B/jo/9BjooMOnfT2b.mp4,RREEPPLLAACCEE/9B/jo/9BjooMOnfT2b_small.mp4
Unavailable,0,0,0,Unavailable,2020-08-25,23:35:39,Unavailable,Unavailable,Unavailable,Unavailable,Unavailble,Unavailable,Unavailable,meta-9Bjr4HgXm6YK.json,9B,RREEPPLLAACCEE/9B/jr/9Bjr4HgXm6YK.mp4,RREEPPLLAACCEE/9B/jr/9Bjr4HgXm6YK_small.mp4
Unavailable,0,0,0,Unavailable,2020-04-04,20:30:18,Unavailable,Unavailable,Unavailable,Unavailable,Unavailble,Unavailable,Unavailable,meta-9BkH73cs8Y1c.json,9B,RREEPPLLAACCEE/9B/kH/9BkH73cs8Y1c.mp4,RREEPPLLAACCEE/9B/kH/9BkH73cs8Y1c_small.mp4
Unavailable,0,0,0,Unavailable,0000-00-00,00:00:00,Unavailable,Unavailable,Unavailable,Unavailable,Unavailble,Unavailable,Unavailable,meta-9BlC9vY31KQK.json,9B,RREEPPLLAACCEE/9B/lC/9BlC9vY31KQK.mp4,RREEPPLLAACCEE/9B/lC/9BlC9vY31KQK_small.mp4
Unavailable,0,0,0,Unavailable,0000-00-00,00:00:00,Unavailable,Unavailable,Unavailable,Unavailable,Unavailble,Unavailable,Unavailable,meta-9BlNjnqpRWSI.json,9B,RREEPPLLAACCEE/9B/lN/9BlNjnqpRWSI.mp4,RREEPPLLAACCEE/9B/lN/9BlNjnqpRWSI_small.mp4
Unavailable,0,0,0,Unavailable,2020-08-28,21:10:29,Unavailable,Unavailable,Unavailable,Unavailable,Unavailble,Unavailable,Unavailable,meta-9BlUjL33OXtQ.json,9B,RREEPPLLAACCEE/9B/lU/9BlUjL33OXtQ.mp4,RREEPPLLAACCEE/9B/lU/9BlUjL33OXtQ_small.mp4
Unavailable,0,0,0,Unavailable,2020-07-30,17:39:58,Unavailable,Unavailable,Unavailable,Unavailable,Unavailble,Unavailable,Unavailable,meta-9BluAlilJQ39.json,9B,RREEPPLLAACCEE/9B/lu/9BluAlilJQ39.mp4,RREEPPLLAACCEE/9B/lu/9BluAlilJQ39_small.mp4
Unavailable,0,0,0,Unavailable,2020-10-04,02:49:19,Unavailable,Unavailable,Unavailable,Unavailable,Unavailble,Unavailable,Unavailable,meta-9Bm1DQcP5mj3.json,9B,RREEPPLLAACCEE/9B/m1/9Bm1DQcP5mj3.mp4,RREEPPLLAACCEE/9B/m1/9Bm1DQcP5mj3_small.mp4
Unavailable,0,0,0,Unavailable,0000-00-00,00:00:00,Unavailable,Unavailable,Unavailable,Unavailable,Unavailble,Unavailable,Unavailable,meta-9BmTqycZwX9T.json,9B,RREEPPLLAACCEE/9B/mT/9BmTqycZwX9T.mp4,RREEPPLLAACCEE/9B/mT/9BmTqycZwX9T_small.mp4
Unavailable,0,0,0,Unavailable,0000-00-00,00:00:00,Unavailable,Unavailable,Unavailable,Unavailable,Unavailble,Unavailable,Unavailable,meta-9BmUsrznAHf1.json,9B,RREEPPLLAACCEE/9B/mU/9BmUsrznAHf1.mp4,RREEPPLLAACCEE/9B/mU/9BmUsrznAHf1_small.mp4
Unavailable,0,0,0,Unavailable,2020-07-20,21:06:27,Unavailable,Unavailable,Unavailable,Unavailable,Unavailble,Unavailable,Unavailable,meta-9BmwmY1BDryF.json,9B,RREEPPLLAACCEE/9B/mw/9BmwmY1BDryF.mp4,RREEPPLLAACCEE/9B/mw/9BmwmY1BDryF_small.mp4
Unavailable,0,0,0,Unavailable,2019-01-27,22:01:29,Unavailable,Unavailable,Unavailable,Unavailable,Unavailble,Unavailable,Unavailable,meta-9Bn9XsjbLHpB.json,9B,RREEPPLLAACCEE/9B/n9/9Bn9XsjbLHpB.mp4,RREEPPLLAACCEE/9B/n9/9Bn9XsjbLHpB_small.mp4
Unavailable,0,0,0,Unavailable,0000-00-00,00:00:00,Unavailable,Unavailable,Unavailable,Unavailable,Unavailble,Unavailable,Unavailable,meta-9BnF7how56gn.json,9B,RREEPPLLAACCEE/9B/nF/9BnF7how56gn.mp4,RREEPPLLAACCEE/9B/nF/9BnF7how56gn_small.mp4
Unavailable,0,0,0,Unavailable,0000-00-00,00:00:00,Unavailable,Unavailable,Unavailable,Unavailable,Unavailble,Unavailable,Unavailable,meta-9Bq97d1E7QVT.json,9B,RREEPPLLAACCEE/9B/q9/9Bq97d1E7QVT.mp4,RREEPPLLAACCEE/9B/q9/9Bq97d1E7QVT_small.mp4
Unavailable,0,0,0,Unavailable,2020-08-25,19:57:01,Unavailable,Unavailable,Unavailable,Unavailable,Unavailble,Unavailable,Unavailable,meta-9BqRm9VcqqF1.json,9B,RREEPPLLAACCEE/9B/qR/9BqRm9VcqqF1.mp4,RREEPPLLAACCEE/9B/qR/9BqRm9VcqqF1_small.mp4
Unavailable,0,0,0,Unavailable,2021-01-08,06:57:02,Unavailable,Unavailable,Unavailable,Unavailable,Unavailble,Unavailable,Unavailable,meta-9BqV1GrPmCj5.json,9B,RREEPPLLAACCEE/9B/qV/9BqV1GrPmCj5.mp4,RREEPPLLAACCEE/9B/qV/9BqV1GrPmCj5_small.mp4
Unavailable,0,0,0,Unavailable,0000-00-00,00:00:00,Unavailable,Unavailable,Unavailable,Unavailable,Unavailble,Unavailable,Unavailable,meta-9BrQaXJROtwa.json,9B,RREEPPLLAACCEE/9B/rQ/9BrQaXJROtwa.mp4,RREEPPLLAACCEE/9B/rQ/9BrQaXJROtwa_small.mp4
Unavailable,0,0,0,Unavailable,2021-01-10,00:22:51,Apple,iPhone 12 Pro Max,Unavailable,Unavailable,Unavailble,Unavailable,Unavailable,meta-9Bs9BOOwMCum.json,9B,RREEPPLLAACCEE/9B/s9/9Bs9BOOwMCum.mp4,RREEPPLLAACCEE/9B/s9/9Bs9BOOwMCum_small.mp4
Unavailable,0,0,0,Unavailable,2020-11-15,05:48:18,Unavailable,Unavailable,Unavailable,Unavailable,Unavailble,Unavailable,Unavailable,meta-9BsLqj9dmepI.json,9B,RREEPPLLAACCEE/9B/sL/9BsLqj9dmepI.mp4,RREEPPLLAACCEE/9B/sL/9BsLqj9dmepI_small.mp4
Unavailable,0,0,0,Unavailable,2020-11-05,22:55:48,Apple,iPhone SE (2nd generation),Unavailable,Unavailable,Unavailble,Unavailable,Unavailable,meta-9BtAf2e4Th6v.json,9B,RREEPPLLAACCEE/9B/tA/9BtAf2e4Th6v.mp4,RREEPPLLAACCEE/9B/tA/9BtAf2e4Th6v_small.mp4
Unavailable,0,0,0,Unavailable,0000-00-00,00:00:00,Unavailable,Unavailable,Unavailable,Unavailable,Unavailble,Unavailable,Unavailable,meta-9BtHEoWo1bp4.json,9B,RREEPPLLAACCEE/9B/tH/9BtHEoWo1bp4.mp4,RREEPPLLAACCEE/9B/tH/9BtHEoWo1bp4_small.mp4
Unavailable,0,0,0,Unavailable,2020-12-20,17:18:46,Unavailable,Unavailable,Unavailable,Unavailable,Unavailble,Unavailable,Unavailable,meta-9BtTqFBI1Xza.json,9B,RREEPPLLAACCEE/9B/tT/9BtTqFBI1Xza.mp4,RREEPPLLAACCEE/9B/tT/9BtTqFBI1Xza_small.mp4
Unavailable,0,0,0,Unavailable,2020-11-07,19:21:15,Unavailable,Unavailable,Unavailable,Unavailable,Unavailble,Unavailable,Unavailable,meta-9BtoI0wIqxBw.json,9B,RREEPPLLAACCEE/9B/to/9BtoI0wIqxBw.mp4,RREEPPLLAACCEE/9B/to/9BtoI0wIqxBw_small.mp4
Unavailable,0,0,0,Unavailable,2020-10-05,23:59:31,Unavailable,Unavailable,Unavailable,Unavailable,Unavailble,Unavailable,Unavailable,meta-9BueARPjeUFD.json,9B,RREEPPLLAACCEE/9B/ue/9BueARPjeUFD.mp4,RREEPPLLAACCEE/9B/ue/9BueARPjeUFD_small.mp4
Unavailable,0,0,0,Unavailable,0000-00-00,00:00:00,Unavailable,Unavailable,Unavailable,Unavailable,Unavailble,Unavailable,Unavailable,meta-9BvDCaE01T4F.json,9B,RREEPPLLAACCEE/9B/vD/9BvDCaE01T4F.mp4,RREEPPLLAACCEE/9B/vD/9BvDCaE01T4F_small.mp4
Unavailable,0,0,0,Unavailable,0000-00-00,00:00:00,Unavailable,Unavailable,Unavailable,Unavailable,Unavailble,Unavailable,Unavailable,meta-9BvLXPObKV2s.json,9B,RREEPPLLAACCEE/9B/vL/9BvLXPObKV2s.mp4,RREEPPLLAACCEE/9B/vL/9BvLXPObKV2s_small.mp4
Unavailable,0,0,0,Unavailable,0000-00-00,00:00:00,Unavailable,Unavailable,Unavailable,Unavailable,Unavailble,Unavailable,Unavailable,meta-9BwSv1BDwn6W.json,9B,RREEPPLLAACCEE/9B/wS/9BwSv1BDwn6W.mp4,RREEPPLLAACCEE/9B/wS/9BwSv1BDwn6W_small.mp4
Unavailable,0,0,0,Unavailable,2020-09-26,03:35:50,Unavailable,Unavailable,Unavailable,Unavailable,Unavailble,Unavailable,Unavailable,meta-9Bwfi634hd2L.json,9B,RREEPPLLAACCEE/9B/wf/9Bwfi634hd2L.mp4,RREEPPLLAACCEE/9B/wf/9Bwfi634hd2L_small.mp4
Unavailable,0,0,0,Unavailable,2020-10-27,04:54:10,Unavailable,Unavailable,Unavailable,Unavailable,Unavailble,Unavailable,Unavailable,meta-9BwhChsPijSF.json,9B,RREEPPLLAACCEE/9B/wh/9BwhChsPijSF.mp4,RREEPPLLAACCEE/9B/wh/9BwhChsPijSF_small.mp4
Unavailable,0,0,0,Unavailable,2020-11-19,04:15:15,Unavailable,Unavailable,Unavailable,Unavailable,Unavailble,Unavailable,Unavailable,meta-9By4c6f37sCv.json,9B,RREEPPLLAACCEE/9B/y4/9By4c6f37sCv.mp4,RREEPPLLAACCEE/9B/y4/9By4c6f37sCv_small.mp4
Unavailable,0,0,0,Unavailable,0000-00-00,00:00:00,Unavailable,Unavailable,Unavailable,Unavailable,Unavailble,Unavailable,Unavailable,meta-9ByF4s7emiq1.json,9B,RREEPPLLAACCEE/9B/yF/9ByF4s7emiq1.mp4,RREEPPLLAACCEE/9B/yF/9ByF4s7emiq1_small.mp4
Unavailable,0,0,0,Unavailable,2020-11-10,21:58:50,Unavailable,Unavailable,Unavailable,Unavailable,Unavailble,Unavailable,Unavailable,meta-9Bym7S2mo4Hn.json,9B,RREEPPLLAACCEE/9B/ym/9Bym7S2mo4Hn.mp4,RREEPPLLAACCEE/9B/ym/9Bym7S2mo4Hn_small.mp4
Unavailable,0,0,0,Unavailable,0000-00-00,00:00:00,Unavailable,Unavailable,Unavailable,Unavailable,Unavailble,Unavailable,Unavailable,meta-9BzH390X62mY.json,9B,RREEPPLLAACCEE/9B/zH/9BzH390X62mY.mp4,RREEPPLLAACCEE/9B/zH/9BzH390X62mY_small.mp4
Unavailable,0,0,0,Unavailable,0000-00-00,00:00:00,Unavailable,Unavailable,Unavailable,Unavailable,Unavailble,Unavailable,Unavailable,meta-9b0TpeP12T6K.json,9b,RREEPPLLAACCEE/9b/0T/9b0TpeP12T6K.mp4,RREEPPLLAACCEE/9b/0T/9b0TpeP12T6K_small.mp4
Unavailable,0,0,0,Unavailable,2020-11-09,22:31:30,Unavailable,Unavailable,Unavailable,Unavailable,Unavailble,Unavailable,Unavailable,meta-9b0cBPDWTpVw.json,9b,RREEPPLLAACCEE/9b/0c/9b0cBPDWTpVw.mp4,RREEPPLLAACCEE/9b/0c/9b0cBPDWTpVw_small.mp4
Unavailable,0,0,0,Unavailable,2020-07-15,15:16:04,Unavailable,Unavailable,Unavailable,Unavailable,Unavailble,Unavailable,Unavailable,meta-9b0z5PQYT3SM.json,9b,RREEPPLLAACCEE/9b/0z/9b0z5PQYT3SM.mp4,RREEPPLLAACCEE/9b/0z/9b0z5PQYT3SM_small.mp4
Unavailable,0,0,0,Unavailable,2020-09-03,06:40:40,Unavailable,Unavailable,Unavailable,Unavailable,Unavailble,Unavailable,Unavailable,meta-9b14wiDLAW2a.json,9b,RREEPPLLAACCEE/9b/14/9b14wiDLAW2a.mp4,RREEPPLLAACCEE/9b/14/9b14wiDLAW2a_small.mp4
Unavailable,0,0,0,Unavailable,2020-03-14,19:05:02,Unavailable,Unavailable,Unavailable,Unavailable,Unavailble,Unavailable,Unavailable,meta-9b1Q74V3xb0W.json,9b,RREEPPLLAACCEE/9b/1Q/9b1Q74V3xb0W.mp4,RREEPPLLAACCEE/9b/1Q/9b1Q74V3xb0W_small.mp4
Unavailable,0,0,0,Unavailable,0000-00-00,00:00:00,Unavailable,Unavailable,Unavailable,Unavailable,Unavailble,Unavailable,Unavailable,meta-9b1dxLMl2aM0.json,9b,RREEPPLLAACCEE/9b/1d/9b1dxLMl2aM0.mp4,RREEPPLLAACCEE/9b/1d/9b1dxLMl2aM0_small.mp4
Unavailable,0,0,0,Unavailable,2020-07-12,20:22:59,Unavailable,Unavailable,Unavailable,Unavailable,Unavailble,Unavailable,Unavailable,meta-9b1h5Vsa7L60.json,9b,RREEPPLLAACCEE/9b/1h/9b1h5Vsa7L60.mp4,RREEPPLLAACCEE/9b/1h/9b1h5Vsa7L60_small.mp4
Unavailable,0,0,0,Unavailable,2020-10-25,16:25:26,Apple,iPhone XS Max,Unavailable,Unavailable,Unavailble,Unavailable,Unavailable,meta-9b1pTFthKh74.json,9b,RREEPPLLAACCEE/9b/1p/9b1pTFthKh74.mp4,RREEPPLLAACCEE/9b/1p/9b1pTFthKh74_small.mp4
Unavailable,0,0,0,Unavailable,2020-11-08,08:12:40,Unavailable,Unavailable,Unavailable,Unavailable,Unavailble,Unavailable,Unavailable,meta-9b1r0MazzZf8.json,9b,RREEPPLLAACCEE/9b/1r/9b1r0MazzZf8.mp4,RREEPPLLAACCEE/9b/1r/9b1r0MazzZf8_small.mp4
Unavailable,0,0,0,Unavailable,0000-00-00,00:00:00,Unavailable,Unavailable,Unavailable,Unavailable,Unavailble,Unavailable,Unavailable,meta-9b24D4fB9hSx.json,9b,RREEPPLLAACCEE/9b/24/9b24D4fB9hSx.mp4,RREEPPLLAACCEE/9b/24/9b24D4fB9hSx_small.mp4
Unavailable,0,0,0,Unavailable,2020-11-23,17:20:08,Unavailable,Unavailable,Unavailable,Unavailable,Unavailble,Unavailable,Unavailable,meta-9b2KahPsHk7L.json,9b,RREEPPLLAACCEE/9b/2K/9b2KahPsHk7L.mp4,RREEPPLLAACCEE/9b/2K/9b2KahPsHk7L_small.mp4
Unavailable,0,0,0,Unavailable,2020-09-17,14:24:33,Unavailable,Unavailable,Unavailable,Unavailable,Unavailble,Unavailable,Unavailable,meta-9b2PKi8VU7Hb.json,9b,RREEPPLLAACCEE/9b/2P/9b2PKi8VU7Hb.mp4,RREEPPLLAACCEE/9b/2P/9b2PKi8VU7Hb_small.mp4
Unavailable,0,0,0,Unavailable,2020-11-18,16:48:21,Unavailable,Unavailable,Unavailable,Unavailable,Unavailble,Unavailable,Unavailable,meta-9b2Z88p23Rwb.json,9b,RREEPPLLAACCEE/9b/2Z/9b2Z88p23Rwb.mp4,RREEPPLLAACCEE/9b/2Z/9b2Z88p23Rwb_small.mp4
Unavailable,0,0,0,Unavailable,2020-09-19,18:29:35,Unavailable,Unavailable,Unavailable,Unavailable,Unavailble,Unavailable,Unavailable,meta-9b2vGahjYWf3.json,9b,RREEPPLLAACCEE/9b/2v/9b2vGahjYWf3.mp4,RREEPPLLAACCEE/9b/2v/9b2vGahjYWf3_small.mp4
Unavailable,0,0,0,Unavailable,0000-00-00,00:00:00,Unavailable,Unavailable,Unavailable,Unavailable,Unavailble,Unavailable,Unavailable,meta-9b30pUHBhqJ2.json,9b,RREEPPLLAACCEE/9b/30/9b30pUHBhqJ2.mp4,RREEPPLLAACCEE/9b/30/9b30pUHBhqJ2_small.mp4
Unavailable,0,0,0,Unavailable,2020-11-16,20:52:28,Unavailable,Unavailable,Unavailable,Unavailable,Unavailble,Unavailable,Unavailable,meta-9b35u3Of3Hj8.json,9b,RREEPPLLAACCEE/9b/35/9b35u3Of3Hj8.mp4,RREEPPLLAACCEE/9b/35/9b35u3Of3Hj8_small.mp4
Unavailable,0,0,0,Unavailable,2020-08-01,19:54:27,Unavailable,Unavailable,Unavailable,Unavailable,Unavailble,Unavailable,Unavailable,meta-9b37DnwNCXqw.json,9b,RREEPPLLAACCEE/9b/37/9b37DnwNCXqw.mp4,RREEPPLLAACCEE/9b/37/9b37DnwNCXqw_small.mp4
Unavailable,0,0,0,Unavailable,2020-09-16,20:16:03,Unavailable,Unavailable,Unavailable,Unavailable,Unavailble,Unavailable,Unavailable,meta-9b38KhEI8gic.json,9b,RREEPPLLAACCEE/9b/38/9b38KhEI8gic.mp4,RREEPPLLAACCEE/9b/38/9b38KhEI8gic_small.mp4
Unavailable,0,0,0,Unavailable,2020-09-13,04:56:40,Unavailable,Unavailable,Unavailable,Unavailable,Unavailble,Unavailable,Unavailable,meta-9b3HQHhV30Hy.json,9b,RREEPPLLAACCEE/9b/3H/9b3HQHhV30Hy.mp4,RREEPPLLAACCEE/9b/3H/9b3HQHhV30Hy_small.mp4
Unavailable,0,0,0,Unavailable,2020-12-25,15:27:33,Unavailable,Unavailable,Unavailable,Unavailable,Unavailble,Unavailable,Unavailable,meta-9b3qCJ7mThiw.json,9b,RREEPPLLAACCEE/9b/3q/9b3qCJ7mThiw.mp4,RREEPPLLAACCEE/9b/3q/9b3qCJ7mThiw_small.mp4
Unavailable,0,0,0,Unavailable,2020-12-21,20:23:01,Unavailable,Unavailable,Unavailable,Unavailable,Unavailble,Unavailable,Unavailable,meta-9b3zdFPpV8wK.json,9b,RREEPPLLAACCEE/9b/3z/9b3zdFPpV8wK.mp4,RREEPPLLAACCEE/9b/3z/9b3zdFPpV8wK_small.mp4
Unavailable,0,0,0,Unavailable,2020-12-31,15:15:13,Unavailable,Unavailable,Unavailable,Unavailable,Unavailble,Unavailable,Unavailable,meta-9b48sox0PqTD.json,9b,RREEPPLLAACCEE/9b/48/9b48sox0PqTD.mp4,RREEPPLLAACCEE/9b/48/9b48sox0PqTD_small.mp4
Unavailable,0,0,0,Unavailable,2020-09-02,12:36:20,Unavailable,Unavailable,Unavailable,Unavailable,Unavailble,Unavailable,Unavailable,meta-9b4IUERDnxWp.json,9b,RREEPPLLAACCEE/9b/4I/9b4IUERDnxWp.mp4,RREEPPLLAACCEE/9b/4I/9b4IUERDnxWp_small.mp4
Unavailable,0,0,0,Unavailable,0000-00-00,00:00:00,Unavailable,Unavailable,Unavailable,Unavailable,Unavailble,Unavailable,Unavailable,meta-9b5PNElGi0Fy.json,9b,RREEPPLLAACCEE/9b/5P/9b5PNElGi0Fy.mp4,RREEPPLLAACCEE/9b/5P/9b5PNElGi0Fy_small.mp4
Unavailable,0,0,0,Unavailable,2020-11-09,05:03:23,Unavailable,Unavailable,Unavailable,Unavailable,Unavailble,Unavailable,Unavailable,meta-9b5Qlok3Y95k.json,9b,RREEPPLLAACCEE/9b/5Q/9b5Qlok3Y95k.mp4,RREEPPLLAACCEE/9b/5Q/9b5Qlok3Y95k_small.mp4
Unavailable,0,0,0,Unavailable,0000-00-00,00:00:00,Unavailable,Unavailable,Unavailable,Unavailable,Unavailble,Unavailable,Unavailable,meta-9b5n3Fnx01Lc.json,9b,RREEPPLLAACCEE/9b/5n/9b5n3Fnx01Lc.mp4,RREEPPLLAACCEE/9b/5n/9b5n3Fnx01Lc_small.mp4
Unavailable,0,0,0,Unavailable,0000-00-00,00:00:00,Unavailable,Unavailable,Unavailable,Unavailable,Unavailble,Unavailable,Unavailable,meta-9b5vGiiaTVPe.json,9b,RREEPPLLAACCEE/9b/5v/9b5vGiiaTVPe.mp4,RREEPPLLAACCEE/9b/5v/9b5vGiiaTVPe_small.mp4
Unavailable,0,0,0,Unavailable,2020-07-08,15:04:36,Unavailable,Unavailable,Unavailable,Unavailable,Unavailble,Unavailable,Unavailable,meta-9b5xlxZRuubD.json,9b,RREEPPLLAACCEE/9b/5x/9b5xlxZRuubD.mp4,RREEPPLLAACCEE/9b/5x/9b5xlxZRuubD_small.mp4
Unavailable,0,0,0,Unavailable,0000-00-00,00:00:00,Unavailable,Unavailable,Unavailable,Unavailable,Unavailble,Unavailable,Unavailable,meta-9b6i2DsXVwv6.json,9b,RREEPPLLAACCEE/9b/6i/9b6i2DsXVwv6.mp4,RREEPPLLAACCEE/9b/6i/9b6i2DsXVwv6_small.mp4
Unavailable,0,0,0,Unavailable,0000-00-00,00:00:00,Unavailable,Unavailable,Unavailable,Unavailable,Unavailble,Unavailable,Unavailable,meta-9b6vZ4Sn2czZ.json,9b,RREEPPLLAACCEE/9b/6v/9b6vZ4Sn2czZ.mp4,RREEPPLLAACCEE/9b/6v/9b6vZ4Sn2czZ_small.mp4
Unavailable,0,0,0,Unavailable,2020-11-09,00:09:06,Unavailable,Unavailable,Unavailable,Unavailable,Unavailble,Unavailable,Unavailable,meta-9b7WKatvFvoO.json,9b,RREEPPLLAACCEE/9b/7W/9b7WKatvFvoO.mp4,RREEPPLLAACCEE/9b/7W/9b7WKatvFvoO_small.mp4
Unavailable,0,0,0,Unavailable,0000-00-00,00:00:00,Unavailable,Unavailable,Unavailable,Unavailable,Unavailble,Unavailable,Unavailable,meta-9b8123bbuEO8.json,9b,RREEPPLLAACCEE/9b/81/9b8123bbuEO8.mp4,RREEPPLLAACCEE/9b/81/9b8123bbuEO8_small.mp4
Unavailable,0,0,0,Unavailable,2020-08-31,06:14:24,Unavailable,Unavailable,Unavailable,Unavailable,Unavailble,Unavailable,Unavailable,meta-9b9Hnp79AVEi.json,9b,RREEPPLLAACCEE/9b/9H/9b9Hnp79AVEi.mp4,RREEPPLLAACCEE/9b/9H/9b9Hnp79AVEi_small.mp4
Unavailable,0,0,0,Unavailable,2020-08-25,06:50:25,Unavailable,Unavailable,Unavailable,Unavailable,Unavailble,Unavailable,Unavailable,meta-9bAIK2i5Va2T.json,9b,RREEPPLLAACCEE/9b/AI/9bAIK2i5Va2T.mp4,RREEPPLLAACCEE/9b/AI/9bAIK2i5Va2T_small.mp4
Unavailable,0,0,0,Unavailable,2021-01-08,22:00:51,Unavailable,Unavailable,Unavailable,Unavailable,Unavailble,Unavailable,Unavailable,meta-9bAWi67cr0Va.json,9b,RREEPPLLAACCEE/9b/AW/9bAWi67cr0Va.mp4,RREEPPLLAACCEE/9b/AW/9bAWi67cr0Va_small.mp4
Unavailable,0,0,0,Unavailable,2020-12-22,15:04:57,Unavailable,Unavailable,Unavailable,Unavailable,Unavailble,Unavailable,Unavailable,meta-9bAcRr34kS9z.json,9b,RREEPPLLAACCEE/9b/Ac/9bAcRr34kS9z.mp4,RREEPPLLAACCEE/9b/Ac/9bAcRr34kS9z_small.mp4
Unavailable,0,0,0,Unavailable,0000-00-00,00:00:00,Unavailable,Unavailable,Unavailable,Unavailable,Unavailble,Unavailable,Unavailable,meta-9bAwF173aKLv.json,9b,RREEPPLLAACCEE/9b/Aw/9bAwF173aKLv.mp4,RREEPPLLAACCEE/9b/Aw/9bAwF173aKLv_small.mp4
Unavailable,0,0,0,Unavailable,2020-11-11,17:12:47,Apple,iPhone 11 Pro Max,Unavailable,Unavailable,Unavailble,Unavailable,Unavailable,meta-9bBBgOFdDqF8.json,9b,RREEPPLLAACCEE/9b/BB/9bBBgOFdDqF8.mp4,RREEPPLLAACCEE/9b/BB/9bBBgOFdDqF8_small.mp4
Unavailable,0,0,0,Unavailable,2020-11-20,04:03:41,Unavailable,Unavailable,Unavailable,Unavailable,Unavailble,Unavailable,Unavailable,meta-9bC9SLcdNbuu.json,9b,RREEPPLLAACCEE/9b/C9/9bC9SLcdNbuu.mp4,RREEPPLLAACCEE/9b/C9/9bC9SLcdNbuu_small.mp4
Unavailable,0,0,0,Unavailable,0000-00-00,00:00:00,Unavailable,Unavailable,Unavailable,Unavailable,Unavailble,Unavailable,Unavailable,meta-9bCQYbhEgiC3.json,9b,RREEPPLLAACCEE/9b/CQ/9bCQYbhEgiC3.mp4,RREEPPLLAACCEE/9b/CQ/9bCQYbhEgiC3_small.mp4
Unavailable,0,0,0,Unavailable,2020-07-29,19:15:50,Unavailable,Unavailable,Unavailable,Unavailable,Unavailble,Unavailable,Unavailable,meta-9bClvzCtXZyU.json,9b,RREEPPLLAACCEE/9b/Cl/9bClvzCtXZyU.mp4,RREEPPLLAACCEE/9b/Cl/9bClvzCtXZyU_small.mp4
Unavailable,0,0,0,Unavailable,2020-01-20,03:21:04,Unavailable,Unavailable,Unavailable,Unavailable,Unavailble,Unavailable,Unavailable,meta-9bCv6FE1Zv3a.json,9b,RREEPPLLAACCEE/9b/Cv/9bCv6FE1Zv3a.mp4,RREEPPLLAACCEE/9b/Cv/9bCv6FE1Zv3a_small.mp4
Unavailable,0,0,0,Unavailable,0000-00-00,00:00:00,Unavailable,Unavailable,Unavailable,Unavailable,Unavailble,Unavailable,Unavailable,meta-9bD8P8QxcSBd.json,9b,RREEPPLLAACCEE/9b/D8/9bD8P8QxcSBd.mp4,RREEPPLLAACCEE/9b/D8/9bD8P8QxcSBd_small.mp4
Unavailable,0,0,0,Unavailable,Unavailable,Unavailable,Unavailable,Unavailable,Unavailable,Unavailable,Unavailble,Unavailable,Unavailable,meta-9bD9kgPZSakd.json,9b,RREEPPLLAACCEE/9b/D9/9bD9kgPZSakd.mp4,RREEPPLLAACCEE/9b/D9/9bD9kgPZSakd_small.mp4
Unavailable,0,0,0,Unavailable,2020-11-30,04:38:36,Unavailable,Unavailable,Unavailable,Unavailable,Unavailble,Unavailable,Unavailable,meta-9bDNcNe10OKh.json,9b,RREEPPLLAACCEE/9b/DN/9bDNcNe10OKh.mp4,RREEPPLLAACCEE/9b/DN/9bDNcNe10OKh_small.mp4
Unavailable,0,0,0,Unavailable,2020-11-05,14:58:10,Unavailable,Unavailable,Unavailable,Unavailable,Unavailble,Unavailable,Unavailable,meta-9bDUK03JR4av.json,9b,RREEPPLLAACCEE/9b/DU/9bDUK03JR4av.mp4,RREEPPLLAACCEE/9b/DU/9bDUK03JR4av_small.mp4
Unavailable,0,0,0,Unavailable,2020-08-29,16:27:07,Unavailable,Unavailable,Unavailable,Unavailable,Unavailble,Unavailable,Unavailable,meta-9bDcMLp3R6Jr.json,9b,RREEPPLLAACCEE/9b/Dc/9bDcMLp3R6Jr.mp4,RREEPPLLAACCEE/9b/Dc/9bDcMLp3R6Jr_small.mp4
Unavailable,0,0,0,Unavailable,0000-00-00,00:00:00,Unavailable,Unavailable,Unavailable,Unavailable,Unavailble,Unavailable,Unavailable,meta-9bDhekqyBnuo.json,9b,RREEPPLLAACCEE/9b/Dh/9bDhekqyBnuo.mp4,RREEPPLLAACCEE/9b/Dh/9bDhekqyBnuo_small.mp4
Unavailable,0,0,0,Unavailable,2020-12-10,18:58:25,Unavailable,Unavailable,Unavailable,Unavailable,Unavailble,Unavailable,Unavailable,meta-9bFTACMNqAB3.json,9b,RREEPPLLAACCEE/9b/FT/9bFTACMNqAB3.mp4,RREEPPLLAACCEE/9b/FT/9bFTACMNqAB3_small.mp4
Unavailable,0,0,0,Unavailable,2020-10-25,11:49:04,Unavailable,Unavailable,Unavailable,Unavailable,Unavailble,Unavailable,Unavailable,meta-9bFwqJi3SxxV.json,9b,RREEPPLLAACCEE/9b/Fw/9bFwqJi3SxxV.mp4,RREEPPLLAACCEE/9b/Fw/9bFwqJi3SxxV_small.mp4
Unavailable,0,0,0,Unavailable,2021-01-06,21:10:25,Unavailable,Unavailable,Unavailable,Unavailable,Unavailble,Unavailable,Unavailable,meta-9bG2y7BLfjqJ.json,9b,RREEPPLLAACCEE/9b/G2/9bG2y7BLfjqJ.mp4,RREEPPLLAACCEE/9b/G2/9bG2y7BLfjqJ_small.mp4
Unavailable,0,0,0,Unavailable,2020-09-10,05:12:41,Unavailable,Unavailable,Unavailable,Unavailable,Unavailble,Unavailable,Unavailable,meta-9bGxuzTHWn4u.json,9b,RREEPPLLAACCEE/9b/Gx/9bGxuzTHWn4u.mp4,RREEPPLLAACCEE/9b/Gx/9bGxuzTHWn4u_small.mp4
Unavailable,0,0,0,Unavailable,2020-11-12,21:23:30,Unavailable,Unavailable,Unavailable,Unavailable,Unavailble,Unavailable,Unavailable,meta-9bHh4lwGKYki.json,9b,RREEPPLLAACCEE/9b/Hh/9bHh4lwGKYki.mp4,RREEPPLLAACCEE/9b/Hh/9bHh4lwGKYki_small.mp4
Unavailable,0,0,0,Unavailable,2020-08-09,22:58:12,Unavailable,Unavailable,Unavailable,Unavailable,Unavailble,Unavailable,Unavailable,meta-9bHlbAhKUhJZ.json,9b,RREEPPLLAACCEE/9b/Hl/9bHlbAhKUhJZ.mp4,RREEPPLLAACCEE/9b/Hl/9bHlbAhKUhJZ_small.mp4
Unavailable,0,0,0,Unavailable,0000-00-00,00:00:00,Unavailable,Unavailable,Unavailable,Unavailable,Unavailble,Unavailable,Unavailable,meta-9bIEIos1Ad1m.json,9b,RREEPPLLAACCEE/9b/IE/9bIEIos1Ad1m.mp4,RREEPPLLAACCEE/9b/IE/9bIEIos1Ad1m_small.mp4
Unavailable,0,0,0,Unavailable,2020-12-06,00:23:01,Unavailable,Unavailable,Unavailable,Unavailable,Unavailble,Unavailable,Unavailable,meta-9bIENv2FSPjX.json,9b,RREEPPLLAACCEE/9b/IE/9bIENv2FSPjX.mp4,RREEPPLLAACCEE/9b/IE/9bIENv2FSPjX_small.mp4
Unavailable,0,0,0,Unavailable,0000-00-00,00:00:00,Unavailable,Unavailable,Unavailable,Unavailable,Unavailble,Unavailable,Unavailable,meta-9bIclkXCT3dx.json,9b,RREEPPLLAACCEE/9b/Ic/9bIclkXCT3dx.mp4,RREEPPLLAACCEE/9b/Ic/9bIclkXCT3dx_small.mp4
Unavailable,0,0,0,Unavailable,0000-00-00,00:00:00,Unavailable,Unavailable,Unavailable,Unavailable,Unavailble,Unavailable,Unavailable,meta-9bInVNK839F5.json,9b,RREEPPLLAACCEE/9b/In/9bInVNK839F5.mp4,RREEPPLLAACCEE/9b/In/9bInVNK839F5_small.mp4
Unavailable,0,0,0,Unavailable,2020-07-26,06:36:26,Unavailable,Unavailable,Unavailable,Unavailable,Unavailble,Unavailable,Unavailable,meta-9bJIDBYDkkGh.json,9b,RREEPPLLAACCEE/9b/JI/9bJIDBYDkkGh.mp4,RREEPPLLAACCEE/9b/JI/9bJIDBYDkkGh_small.mp4
Unavailable,0,0,0,Unavailable,0000-00-00,00:00:00,Unavailable,Unavailable,Unavailable,Unavailable,Unavailble,Unavailable,Unavailable,meta-9bJN9qvxchbn.json,9b,RREEPPLLAACCEE/9b/JN/9bJN9qvxchbn.mp4,RREEPPLLAACCEE/9b/JN/9bJN9qvxchbn_small.mp4
Unavailable,0,0,0,Unavailable,2020-11-24,10:53:42,Unavailable,Unavailable,Unavailable,Unavailable,Unavailble,Unavailable,Unavailable,meta-9bKjOsbfJ2eF.json,9b,RREEPPLLAACCEE/9b/Kj/9bKjOsbfJ2eF.mp4,RREEPPLLAACCEE/9b/Kj/9bKjOsbfJ2eF_small.mp4
Unavailable,0,0,0,Unavailable,2020-09-02,19:53:19,Unavailable,Unavailable,Unavailable,Unavailable,Unavailble,Unavailable,Unavailable,meta-9bL9DUxkGCpw.json,9b,RREEPPLLAACCEE/9b/L9/9bL9DUxkGCpw.mp4,RREEPPLLAACCEE/9b/L9/9bL9DUxkGCpw_small.mp4
Unavailable,0,0,0,Unavailable,2020-09-24,02:18:46,Unavailable,Unavailable,Unavailable,Unavailable,Unavailble,Unavailable,Unavailable,meta-9bLs3tu58tbt.json,9b,RREEPPLLAACCEE/9b/Ls/9bLs3tu58tbt.mp4,RREEPPLLAACCEE/9b/Ls/9bLs3tu58tbt_small.mp4
Unavailable,0,0,0,Unavailable,2020-07-29,03:33:33,Unavailable,Unavailable,Unavailable,Unavailable,Unavailble,Unavailable,Unavailable,meta-9bM501mcaXgb.json,9b,RREEPPLLAACCEE/9b/M5/9bM501mcaXgb.mp4,RREEPPLLAACCEE/9b/M5/9bM501mcaXgb_small.mp4
Unavailable,0,0,0,Unavailable,0000-00-00,00:00:00,Unavailable,Unavailable,Unavailable,Unavailable,Unavailble,Unavailable,Unavailable,meta-9bM7k8br8lNS.json,9b,RREEPPLLAACCEE/9b/M7/9bM7k8br8lNS.mp4,RREEPPLLAACCEE/9b/M7/9bM7k8br8lNS_small.mp4
Unavailable,0,0,0,Unavailable,2020-12-12,16:45:26,Apple,iPhone 11 Pro Max,Unavailable,Unavailable,Unavailble,Unavailable,Unavailable,meta-9bMBfGywSSzE.json,9b,RREEPPLLAACCEE/9b/MB/9bMBfGywSSzE.mp4,RREEPPLLAACCEE/9b/MB/9bMBfGywSSzE_small.mp4
Unavailable,0,0,0,Unavailable,2020-11-01,08:44:45,Unavailable,Unavailable,Unavailable,Unavailable,Unavailble,Unavailable,Unavailable,meta-9bMGaY3pLKJR.json,9b,RREEPPLLAACCEE/9b/MG/9bMGaY3pLKJR.mp4,RREEPPLLAACCEE/9b/MG/9bMGaY3pLKJR_small.mp4
Unavailable,0,0,0,Unavailable,2020-08-22,15:33:17,Unavailable,Unavailable,Unavailable,Unavailable,Unavailble,Unavailable,Unavailable,meta-9bMx189pB6Hr.json,9b,RREEPPLLAACCEE/9b/Mx/9bMx189pB6Hr.mp4,RREEPPLLAACCEE/9b/Mx/9bMx189pB6Hr_small.mp4
Unavailable,0,0,0,Unavailable,2020-08-06,17:18:17,Unavailable,Unavailable,Unavailable,Unavailable,Unavailble,Unavailable,Unavailable,meta-9bN1RKRSvyNV.json,9b,RREEPPLLAACCEE/9b/N1/9bN1RKRSvyNV.mp4,RREEPPLLAACCEE/9b/N1/9bN1RKRSvyNV_small.mp4
Unavailable,0,0,0,Unavailable,0000-00-00,00:00:00,Unavailable,Unavailable,Unavailable,Unavailable,Unavailble,Unavailable,Unavailable,meta-9bNG6j1DAnkA.json,9b,RREEPPLLAACCEE/9b/NG/9bNG6j1DAnkA.mp4,RREEPPLLAACCEE/9b/NG/9bNG6j1DAnkA_small.mp4
Unavailable,0,0,0,Unavailable,0000-00-00,00:00:00,Unavailable,Unavailable,Unavailable,Unavailable,Unavailble,Unavailable,Unavailable,meta-9bNbGCDzeloL.json,9b,RREEPPLLAACCEE/9b/Nb/9bNbGCDzeloL.mp4,RREEPPLLAACCEE/9b/Nb/9bNbGCDzeloL_small.mp4
Unavailable,0,0,0,Unavailable,2020-09-01,05:07:27,Unavailable,Unavailable,Unavailable,Unavailable,Unavailble,Unavailable,Unavailable,meta-9bNihwdVyu4F.json,9b,RREEPPLLAACCEE/9b/Ni/9bNihwdVyu4F.mp4,RREEPPLLAACCEE/9b/Ni/9bNihwdVyu4F_small.mp4
Unavailable,0,0,0,Unavailable,0000-00-00,00:00:00,Unavailable,Unavailable,Unavailable,Unavailable,Unavailble,Unavailable,Unavailable,meta-9bNwzKuwGLOe.json,9b,RREEPPLLAACCEE/9b/Nw/9bNwzKuwGLOe.mp4,RREEPPLLAACCEE/9b/Nw/9bNwzKuwGLOe_small.mp4
Unavailable,0,0,0,Unavailable,2020-10-18,16:12:08,Unavailable,Unavailable,Unavailable,Unavailable,Unavailble,Unavailable,Unavailable,meta-9bOt13waTuuP.json,9b,RREEPPLLAACCEE/9b/Ot/9bOt13waTuuP.mp4,RREEPPLLAACCEE/9b/Ot/9bOt13waTuuP_small.mp4
Unavailable,0,0,0,Unavailable,2020-08-22,20:20:40,Unavailable,Unavailable,Unavailable,Unavailable,Unavailble,Unavailable,Unavailable,meta-9bOy8bBOEEZB.json,9b,RREEPPLLAACCEE/9b/Oy/9bOy8bBOEEZB.mp4,RREEPPLLAACCEE/9b/Oy/9bOy8bBOEEZB_small.mp4
Unavailable,0,0,0,Unavailable,2020-12-11,22:42:27,Unavailable,Unavailable,Unavailable,Unavailable,Unavailble,Unavailable,Unavailable,meta-9bOyFs9TxcgE.json,9b,RREEPPLLAACCEE/9b/Oy/9bOyFs9TxcgE.mp4,RREEPPLLAACCEE/9b/Oy/9bOyFs9TxcgE_small.mp4
Unavailable,0,0,0,Unavailable,0000-00-00,00:00:00,Unavailable,Unavailable,Unavailable,Unavailable,Unavailble,Unavailable,Unavailable,meta-9bOzVA2XQlNR.json,9b,RREEPPLLAACCEE/9b/Oz/9bOzVA2XQlNR.mp4,RREEPPLLAACCEE/9b/Oz/9bOzVA2XQlNR_small.mp4
Unavailable,0,0,0,Unavailable,2020-11-23,23:54:11,Unavailable,Unavailable,Unavailable,Unavailable,Unavailble,Unavailable,Unavailable,meta-9bQ6p4QNBISL.json,9b,RREEPPLLAACCEE/9b/Q6/9bQ6p4QNBISL.mp4,RREEPPLLAACCEE/9b/Q6/9bQ6p4QNBISL_small.mp4
Unavailable,0,0,0,Unavailable,2020-11-19,08:42:27,Unavailable,Unavailable,Unavailable,Unavailable,Unavailble,Unavailable,Unavailable,meta-9bQACwTHWe7u.json,9b,RREEPPLLAACCEE/9b/QA/9bQACwTHWe7u.mp4,RREEPPLLAACCEE/9b/QA/9bQACwTHWe7u_small.mp4
Unavailable,0,0,0,Unavailable,2020-08-27,05:39:22,Unavailable,Unavailable,Unavailable,Unavailable,Unavailble,Unavailable,Unavailable,meta-9bR22tYeKeHr.json,9b,RREEPPLLAACCEE/9b/R2/9bR22tYeKeHr.mp4,RREEPPLLAACCEE/9b/R2/9bR22tYeKeHr_small.mp4
Unavailable,0,0,0,Unavailable,0000-00-00,00:00:00,Unavailable,Unavailable,Unavailable,Unavailable,Unavailble,Unavailable,Unavailable,meta-9bRGjxyo6bpe.json,9b,RREEPPLLAACCEE/9b/RG/9bRGjxyo6bpe.mp4,RREEPPLLAACCEE/9b/RG/9bRGjxyo6bpe_small.mp4
Unavailable,0,0,0,Unavailable,0000-00-00,00:00:00,Unavailable,Unavailable,Unavailable,Unavailable,Unavailble,Unavailable,Unavailable,meta-9bS4Or9YK7th.json,9b,RREEPPLLAACCEE/9b/S4/9bS4Or9YK7th.mp4,RREEPPLLAACCEE/9b/S4/9bS4Or9YK7th_small.mp4
Unavailable,0,0,0,Unavailable,0000-00-00,00:00:00,Unavailable,Unavailable,Unavailable,Unavailable,Unavailble,Unavailable,Unavailable,meta-9bSZb02lsOiF.json,9b,RREEPPLLAACCEE/9b/SZ/9bSZb02lsOiF.mp4,RREEPPLLAACCEE/9b/SZ/9bSZb02lsOiF_small.mp4
Unavailable,0,0,0,Unavailable,2020-07-29,13:10:04,Unavailable,Unavailable,Unavailable,Unavailable,Unavailble,Unavailable,Unavailable,meta-9bSfx3B9qO8t.json,9b,RREEPPLLAACCEE/9b/Sf/9bSfx3B9qO8t.mp4,RREEPPLLAACCEE/9b/Sf/9bSfx3B9qO8t_small.mp4
Unavailable,0,0,0,Unavailable,2020-10-15,14:49:17,Unavailable,Unavailable,Unavailable,Unavailable,Unavailble,Unavailable,Unavailable,meta-9bSkRp6floYi.json,9b,RREEPPLLAACCEE/9b/Sk/9bSkRp6floYi.mp4,RREEPPLLAACCEE/9b/Sk/9bSkRp6floYi_small.mp4
Unavailable,0,0,0,Unavailable,2020-12-18,06:20:34,Unavailable,Unavailable,Unavailable,Unavailable,Unavailble,Unavailable,Unavailable,meta-9bT3d6YDg6VI.json,9b,RREEPPLLAACCEE/9b/T3/9bT3d6YDg6VI.mp4,RREEPPLLAACCEE/9b/T3/9bT3d6YDg6VI_small.mp4
Unavailable,0,0,0,Unavailable,2020-10-02,18:08:37,Unavailable,Unavailable,Unavailable,Unavailable,Unavailble,Unavailable,Unavailable,meta-9bUIa8YbjOmd.json,9b,RREEPPLLAACCEE/9b/UI/9bUIa8YbjOmd.mp4,RREEPPLLAACCEE/9b/UI/9bUIa8YbjOmd_small.mp4
Unavailable,0,0,0,Unavailable,2020-09-17,11:46:35,Unavailable,Unavailable,Unavailable,Unavailable,Unavailble,Unavailable,Unavailable,meta-9bUWsXN8cC3x.json,9b,RREEPPLLAACCEE/9b/UW/9bUWsXN8cC3x.mp4,RREEPPLLAACCEE/9b/UW/9bUWsXN8cC3x_small.mp4
Unavailable,0,0,0,Unavailable,0000-00-00,00:00:00,Unavailable,Unavailable,Unavailable,Unavailable,Unavailble,Unavailable,Unavailable,meta-9bUvIql81Xoo.json,9b,RREEPPLLAACCEE/9b/Uv/9bUvIql81Xoo.mp4,RREEPPLLAACCEE/9b/Uv/9bUvIql81Xoo_small.mp4
Unavailable,0,0,0,Unavailable,2017-12-05,21:44:11,Unavailable,Unavailable,Unavailable,Unavailable,Unavailble,Unavailable,Unavailable,meta-9bVBp20HpSeP.json,9b,RREEPPLLAACCEE/9b/VB/9bVBp20HpSeP.mp4,RREEPPLLAACCEE/9b/VB/9bVBp20HpSeP_small.mp4
Unavailable,0,0,0,Unavailable,2020-09-12,23:46:23,Unavailable,Unavailable,Unavailable,Unavailable,Unavailble,Unavailable,Unavailable,meta-9bVoqAw6dvT3.json,9b,RREEPPLLAACCEE/9b/Vo/9bVoqAw6dvT3.mp4,RREEPPLLAACCEE/9b/Vo/9bVoqAw6dvT3_small.mp4
Unavailable,0,0,0,Unavailable,0000-00-00,00:00:00,Unavailable,Unavailable,Unavailable,Unavailable,Unavailble,Unavailable,Unavailable,meta-9bWGJCHlAifv.json,9b,RREEPPLLAACCEE/9b/WG/9bWGJCHlAifv.mp4,RREEPPLLAACCEE/9b/WG/9bWGJCHlAifv_small.mp4
Unavailable,0,0,0,Unavailable,2021-01-04,00:32:26,Unavailable,Unavailable,Unavailable,Unavailable,Unavailble,Unavailable,Unavailable,meta-9bWNmwwIYshE.json,9b,RREEPPLLAACCEE/9b/WN/9bWNmwwIYshE.mp4,RREEPPLLAACCEE/9b/WN/9bWNmwwIYshE_small.mp4
Unavailable,0,0,0,Unavailable,2020-09-23,21:54:25,Apple,iPhone XS Max,Unavailable,Unavailable,Unavailble,Unavailable,Unavailable,meta-9bWXlJT0x7Cq.json,9b,RREEPPLLAACCEE/9b/WX/9bWXlJT0x7Cq.mp4,RREEPPLLAACCEE/9b/WX/9bWXlJT0x7Cq_small.mp4
Unavailable,0,0,0,Unavailable,0000-00-00,00:00:00,Unavailable,Unavailable,Unavailable,Unavailable,Unavailble,Unavailable,Unavailable,meta-9bWc447NkyQ4.json,9b,RREEPPLLAACCEE/9b/Wc/9bWc447NkyQ4.mp4,RREEPPLLAACCEE/9b/Wc/9bWc447NkyQ4_small.mp4
Unavailable,0,0,0,Unavailable,2020-12-16,03:02:00,Unavailable,Unavailable,Unavailable,Unavailable,Unavailble,Unavailable,Unavailable,meta-9bX8pQnymz75.json,9b,RREEPPLLAACCEE/9b/X8/9bX8pQnymz75.mp4,RREEPPLLAACCEE/9b/X8/9bX8pQnymz75_small.mp4
Unavailable,0,0,0,Unavailable,0000-00-00,00:00:00,Unavailable,Unavailable,Unavailable,Unavailable,Unavailble,Unavailable,Unavailable,meta-9bXJtfyAjyWi.json,9b,RREEPPLLAACCEE/9b/XJ/9bXJtfyAjyWi.mp4,RREEPPLLAACCEE/9b/XJ/9bXJtfyAjyWi_small.mp4
Unavailable,0,0,0,Unavailable,2020-08-11,14:30:55,Unavailable,Unavailable,Unavailable,Unavailable,Unavailble,Unavailable,Unavailable,meta-9bXbI1j22x2U.json,9b,RREEPPLLAACCEE/9b/Xb/9bXbI1j22x2U.mp4,RREEPPLLAACCEE/9b/Xb/9bXbI1j22x2U_small.mp4
Unavailable,0,0,0,Unavailable,2020-07-24,15:19:06,Unavailable,Unavailable,Unavailable,Unavailable,Unavailble,Unavailable,Unavailable,meta-9bXtsiSbNrZS.json,9b,RREEPPLLAACCEE/9b/Xt/9bXtsiSbNrZS.mp4,RREEPPLLAACCEE/9b/Xt/9bXtsiSbNrZS_small.mp4
Unavailable,0,0,0,Unavailable,2020-12-20,20:56:01,Unavailable,Unavailable,Unavailable,Unavailable,Unavailble,Unavailable,Unavailable,meta-9bYPtOFACpgH.json,9b,RREEPPLLAACCEE/9b/YP/9bYPtOFACpgH.mp4,RREEPPLLAACCEE/9b/YP/9bYPtOFACpgH_small.mp4
Unavailable,0,0,0,Unavailable,0000-00-00,00:00:00,Unavailable,Unavailable,Unavailable,Unavailable,Unavailble,Unavailable,Unavailable,meta-9bZ7ZNx3qjIx.json,9b,RREEPPLLAACCEE/9b/Z7/9bZ7ZNx3qjIx.mp4,RREEPPLLAACCEE/9b/Z7/9bZ7ZNx3qjIx_small.mp4
Unavailable,0,0,0,Unavailable,0000-00-00,00:00:00,Unavailable,Unavailable,Unavailable,Unavailable,Unavailble,Unavailable,Unavailable,meta-9bZvWR5qDF6O.json,9b,RREEPPLLAACCEE/9b/Zv/9bZvWR5qDF6O.mp4,RREEPPLLAACCEE/9b/Zv/9bZvWR5qDF6O_small.mp4
Unavailable,0,0,0,Unavailable,2020-09-15,18:23:24,Unavailable,Unavailable,Unavailable,Unavailable,Unavailble,Unavailable,Unavailable,meta-9baY66JQmzQe.json,9b,RREEPPLLAACCEE/9b/aY/9baY66JQmzQe.mp4,RREEPPLLAACCEE/9b/aY/9baY66JQmzQe_small.mp4
Unavailable,0,0,0,Unavailable,0000-00-00,00:00:00,Unavailable,Unavailable,Unavailable,Unavailable,Unavailble,Unavailable,Unavailable,meta-9bb4DD3FVtLG.json,9b,RREEPPLLAACCEE/9b/b4/9bb4DD3FVtLG.mp4,RREEPPLLAACCEE/9b/b4/9bb4DD3FVtLG_small.mp4
Unavailable,0,0,0,Unavailable,2020-10-27,09:43:56,Unavailable,Unavailable,Unavailable,Unavailable,Unavailble,Unavailable,Unavailable,meta-9bb6i1xZ9eCL.json,9b,RREEPPLLAACCEE/9b/b6/9bb6i1xZ9eCL.mp4,RREEPPLLAACCEE/9b/b6/9bb6i1xZ9eCL_small.mp4
Unavailable,0,0,0,Unavailable,2021-01-06,00:11:51,Unavailable,Unavailable,Unavailable,Unavailable,Unavailble,Unavailable,Unavailable,meta-9bcNNJs8ddFF.json,9b,RREEPPLLAACCEE/9b/cN/9bcNNJs8ddFF.mp4,RREEPPLLAACCEE/9b/cN/9bcNNJs8ddFF_small.mp4
Unavailable,0,0,0,Unavailable,0000-00-00,00:00:00,Unavailable,Unavailable,Unavailable,Unavailable,Unavailble,Unavailable,Unavailable,meta-9bcZIqT2o3Zl.json,9b,RREEPPLLAACCEE/9b/cZ/9bcZIqT2o3Zl.mp4,RREEPPLLAACCEE/9b/cZ/9bcZIqT2o3Zl_small.mp4
Unavailable,0,0,0,Unavailable,2020-12-23,18:59:01,Unavailable,Unavailable,Unavailable,Unavailable,Unavailble,Unavailable,Unavailable,meta-9bd30ATjB6PT.json,9b,RREEPPLLAACCEE/9b/d3/9bd30ATjB6PT.mp4,RREEPPLLAACCEE/9b/d3/9bd30ATjB6PT_small.mp4
Unavailable,0,0,0,Unavailable,2020-03-26,16:36:29,Unavailable,Unavailable,Unavailable,Unavailable,Unavailble,Unavailable,Unavailable,meta-9bddLGdtn7ZU.json,9b,RREEPPLLAACCEE/9b/dd/9bddLGdtn7ZU.mp4,RREEPPLLAACCEE/9b/dd/9bddLGdtn7ZU_small.mp4
Unavailable,0,0,0,Unavailable,2020-10-29,21:31:57,Unavailable,Unavailable,Unavailable,Unavailable,Unavailble,Unavailable,Unavailable,meta-9betMfASNR0y.json,9b,RREEPPLLAACCEE/9b/et/9betMfASNR0y.mp4,RREEPPLLAACCEE/9b/et/9betMfASNR0y_small.mp4
Unavailable,0,0,0,Unavailable,2021-01-08,13:39:43,Unavailable,Unavailable,Unavailable,Unavailable,Unavailble,Unavailable,Unavailable,meta-9bew7R62j3Kk.json,9b,RREEPPLLAACCEE/9b/ew/9bew7R62j3Kk.mp4,RREEPPLLAACCEE/9b/ew/9bew7R62j3Kk_small.mp4
Unavailable,0,0,0,Unavailable,2020-10-23,22:52:54,Unavailable,Unavailable,Unavailable,Unavailable,Unavailble,Unavailable,Unavailable,meta-9bewoCPTtHv0.json,9b,RREEPPLLAACCEE/9b/ew/9bewoCPTtHv0.mp4,RREEPPLLAACCEE/9b/ew/9bewoCPTtHv0_small.mp4
Unavailable,0,0,0,Unavailable,2020-11-16,05:32:51,Unavailable,Unavailable,Unavailable,Unavailable,Unavailble,Unavailable,Unavailable,meta-9bfSLo0brjOs.json,9b,RREEPPLLAACCEE/9b/fS/9bfSLo0brjOs.mp4,RREEPPLLAACCEE/9b/fS/9bfSLo0brjOs_small.mp4
Unavailable,0,0,0,Unavailable,0000-00-00,00:00:00,Unavailable,Unavailable,Unavailable,Unavailable,Unavailble,Unavailable,Unavailable,meta-9bfoVOdB4XdS.json,9b,RREEPPLLAACCEE/9b/fo/9bfoVOdB4XdS.mp4,RREEPPLLAACCEE/9b/fo/9bfoVOdB4XdS_small.mp4
Unavailable,0,0,0,Unavailable,0000-00-00,00:00:00,Unavailable,Unavailable,Unavailable,Unavailable,Unavailble,Unavailable,Unavailable,meta-9bg7gv6SKfH4.json,9b,RREEPPLLAACCEE/9b/g7/9bg7gv6SKfH4.mp4,RREEPPLLAACCEE/9b/g7/9bg7gv6SKfH4_small.mp4
Unavailable,0,0,0,Unavailable,2020-11-14,20:04:09,Apple,iPhone 11,Unavailable,Unavailable,Unavailble,Unavailable,Unavailable,meta-9bgKda2wBBm6.json,9b,RREEPPLLAACCEE/9b/gK/9bgKda2wBBm6.mp4,RREEPPLLAACCEE/9b/gK/9bgKda2wBBm6_small.mp4
Unavailable,0,0,0,Unavailable,2020-07-28,00:00:45,Unavailable,Unavailable,Unavailable,Unavailable,Unavailble,Unavailable,Unavailable,meta-9bgW1WkllDqe.json,9b,RREEPPLLAACCEE/9b/gW/9bgW1WkllDqe.mp4,RREEPPLLAACCEE/9b/gW/9bgW1WkllDqe_small.mp4
Unavailable,0,0,0,Unavailable,0000-00-00,00:00:00,Unavailable,Unavailable,Unavailable,Unavailable,Unavailble,Unavailable,Unavailable,meta-9bhI2FJl03aa.json,9b,RREEPPLLAACCEE/9b/hI/9bhI2FJl03aa.mp4,RREEPPLLAACCEE/9b/hI/9bhI2FJl03aa_small.mp4
Unavailable,0,0,0,Unavailable,0000-00-00,00:00:00,Unavailable,Unavailable,Unavailable,Unavailable,Unavailble,Unavailable,Unavailable,meta-9bheDVu4OgTC.json,9b,RREEPPLLAACCEE/9b/he/9bheDVu4OgTC.mp4,RREEPPLLAACCEE/9b/he/9bheDVu4OgTC_small.mp4
Unavailable,0,0,0,Unavailable,0000-00-00,00:00:00,Unavailable,Unavailable,Unavailable,Unavailable,Unavailble,Unavailable,Unavailable,meta-9bhl1lpOO7Wd.json,9b,RREEPPLLAACCEE/9b/hl/9bhl1lpOO7Wd.mp4,RREEPPLLAACCEE/9b/hl/9bhl1lpOO7Wd_small.mp4
Unavailable,0,0,0,Unavailable,0000-00-00,00:00:00,Unavailable,Unavailable,Unavailable,Unavailable,Unavailble,Unavailable,Unavailable,meta-9bhlQhjePEMe.json,9b,RREEPPLLAACCEE/9b/hl/9bhlQhjePEMe.mp4,RREEPPLLAACCEE/9b/hl/9bhlQhjePEMe_small.mp4
Unavailable,0,0,0,Unavailable,0000-00-00,00:00:00,Unavailable,Unavailable,Unavailable,Unavailable,Unavailble,Unavailable,Unavailable,meta-9biJY7PdPj6e.json,9b,RREEPPLLAACCEE/9b/iJ/9biJY7PdPj6e.mp4,RREEPPLLAACCEE/9b/iJ/9biJY7PdPj6e_small.mp4
Unavailable,0,0,0,Unavailable,0000-00-00,00:00:00,Unavailable,Unavailable,Unavailable,Unavailable,Unavailble,Unavailable,Unavailable,meta-9biR5L0H2uUp.json,9b,RREEPPLLAACCEE/9b/iR/9biR5L0H2uUp.mp4,RREEPPLLAACCEE/9b/iR/9biR5L0H2uUp_small.mp4
Unavailable,0,0,0,Unavailable,2020-01-31,18:24:20,Unavailable,Unavailable,Unavailable,Unavailable,Unavailble,Unavailable,Unavailable,meta-9bjVygqQC75M.json,9b,RREEPPLLAACCEE/9b/jV/9bjVygqQC75M.mp4,RREEPPLLAACCEE/9b/jV/9bjVygqQC75M_small.mp4
Unavailable,0,0,0,Unavailable,2020-02-29,14:20:33,Unavailable,Unavailable,Unavailable,Unavailable,Unavailble,Unavailable,Unavailable,meta-9bjY5rhBLoH1.json,9b,RREEPPLLAACCEE/9b/jY/9bjY5rhBLoH1.mp4,RREEPPLLAACCEE/9b/jY/9bjY5rhBLoH1_small.mp4
Unavailable,0,0,0,Unavailable,2020-12-17,01:25:17,Unavailable,Unavailable,Unavailable,Unavailable,Unavailble,Unavailable,Unavailable,meta-9bjfggYC0dOv.json,9b,RREEPPLLAACCEE/9b/jf/9bjfggYC0dOv.mp4,RREEPPLLAACCEE/9b/jf/9bjfggYC0dOv_small.mp4
Unavailable,0,0,0,Unavailable,2020-09-29,03:25:31,Unavailable,Unavailable,Unavailable,Unavailable,Unavailble,Unavailable,Unavailable,meta-9bjp5JKvo0A9.json,9b,RREEPPLLAACCEE/9b/jp/9bjp5JKvo0A9.mp4,RREEPPLLAACCEE/9b/jp/9bjp5JKvo0A9_small.mp4
Unavailable,0,0,0,Unavailable,2020-08-22,01:56:56,Unavailable,Unavailable,Unavailable,Unavailable,Unavailble,Unavailable,Unavailable,meta-9bk6YkPlD9i7.json,9b,RREEPPLLAACCEE/9b/k6/9bk6YkPlD9i7.mp4,RREEPPLLAACCEE/9b/k6/9bk6YkPlD9i7_small.mp4
Unavailable,0,0,0,Unavailable,2020-07-28,22:33:54,Unavailable,Unavailable,Unavailable,Unavailable,Unavailble,Unavailable,Unavailable,meta-9bke3erpQt9s.json,9b,RREEPPLLAACCEE/9b/ke/9bke3erpQt9s.mp4,RREEPPLLAACCEE/9b/ke/9bke3erpQt9s_small.mp4
Unavailable,0,0,0,Unavailable,2020-11-14,05:02:30,Unavailable,Unavailable,Unavailable,Unavailable,Unavailble,Unavailable,Unavailable,meta-9blei55wkySB.json,9b,RREEPPLLAACCEE/9b/le/9blei55wkySB.mp4,RREEPPLLAACCEE/9b/le/9blei55wkySB_small.mp4
Unavailable,0,0,0,Unavailable,0000-00-00,00:00:00,Unavailable,Unavailable,Unavailable,Unavailable,Unavailble,Unavailable,Unavailable,meta-9blwpVaYj0Ui.json,9b,RREEPPLLAACCEE/9b/lw/9blwpVaYj0Ui.mp4,RREEPPLLAACCEE/9b/lw/9blwpVaYj0Ui_small.mp4
Unavailable,0,0,0,Unavailable,2020-11-09,22:10:20,Unavailable,Unavailable,Unavailable,Unavailable,Unavailble,Unavailable,Unavailable,meta-9bmtjye1vbSb.json,9b,RREEPPLLAACCEE/9b/mt/9bmtjye1vbSb.mp4,RREEPPLLAACCEE/9b/mt/9bmtjye1vbSb_small.mp4
Unavailable,0,0,0,Unavailable,0000-00-00,00:00:00,Unavailable,Unavailable,Unavailable,Unavailable,Unavailble,Unavailable,Unavailable,meta-9bnfiqk3lTq0.json,9b,RREEPPLLAACCEE/9b/nf/9bnfiqk3lTq0.mp4,RREEPPLLAACCEE/9b/nf/9bnfiqk3lTq0_small.mp4
Unavailable,0,0,0,Unavailable,0000-00-00,00:00:00,Unavailable,Unavailable,Unavailable,Unavailable,Unavailble,Unavailable,Unavailable,meta-9bnkMFuHMKGz.json,9b,RREEPPLLAACCEE/9b/nk/9bnkMFuHMKGz.mp4,RREEPPLLAACCEE/9b/nk/9bnkMFuHMKGz_small.mp4
Unavailable,0,0,0,Unavailable,2020-08-05,21:19:41,Unavailable,Unavailable,Unavailable,Unavailable,Unavailble,Unavailable,Unavailable,meta-9bnurDnRd0Ce.json,9b,RREEPPLLAACCEE/9b/nu/9bnurDnRd0Ce.mp4,RREEPPLLAACCEE/9b/nu/9bnurDnRd0Ce_small.mp4
Unavailable,0,0,0,Unavailable,0000-00-00,00:00:00,Unavailable,Unavailable,Unavailable,Unavailable,Unavailble,Unavailable,Unavailable,meta-9bopfBIbWDkJ.json,9b,RREEPPLLAACCEE/9b/op/9bopfBIbWDkJ.mp4,RREEPPLLAACCEE/9b/op/9bopfBIbWDkJ_small.mp4
Unavailable,0,0,0,Unavailable,2020-12-05,21:43:25,Unavailable,Unavailable,Unavailable,Unavailable,Unavailble,Unavailable,Unavailable,meta-9bp1PdUtJRf9.json,9b,RREEPPLLAACCEE/9b/p1/9bp1PdUtJRf9.mp4,RREEPPLLAACCEE/9b/p1/9bp1PdUtJRf9_small.mp4
Unavailable,0,0,0,Unavailable,2016-11-05,00:52:02,Unavailable,Unavailable,Unavailable,Unavailable,Unavailble,Unavailable,Unavailable,meta-9bp27soRCxd6.json,9b,RREEPPLLAACCEE/9b/p2/9bp27soRCxd6.mp4,RREEPPLLAACCEE/9b/p2/9bp27soRCxd6_small.mp4
Unavailable,0,0,0,Unavailable,2020-09-09,14:39:33,Unavailable,Unavailable,Unavailable,Unavailable,Unavailble,Unavailable,Unavailable,meta-9bpDLDh6ic4H.json,9b,RREEPPLLAACCEE/9b/pD/9bpDLDh6ic4H.mp4,RREEPPLLAACCEE/9b/pD/9bpDLDh6ic4H_small.mp4
Unavailable,0,0,0,Unavailable,2019-03-12,09:10:12,Unavailable,Unavailable,Unavailable,Unavailable,Unavailble,Unavailable,Unavailable,meta-9bpE56jXXTNa.json,9b,RREEPPLLAACCEE/9b/pE/9bpE56jXXTNa.mp4,RREEPPLLAACCEE/9b/pE/9bpE56jXXTNa_small.mp4
Unavailable,0,0,0,Unavailable,0000-00-00,00:00:00,Unavailable,Unavailable,Unavailable,Unavailable,Unavailble,Unavailable,Unavailable,meta-9bpuIlv4SAKU.json,9b,RREEPPLLAACCEE/9b/pu/9bpuIlv4SAKU.mp4,RREEPPLLAACCEE/9b/pu/9bpuIlv4SAKU_small.mp4
Unavailable,0,0,0,Unavailable,2020-12-21,14:51:15,Unavailable,Unavailable,Unavailable,Unavailable,Unavailble,Unavailable,Unavailable,meta-9bqK2W2UIXem.json,9b,RREEPPLLAACCEE/9b/qK/9bqK2W2UIXem.mp4,RREEPPLLAACCEE/9b/qK/9bqK2W2UIXem_small.mp4
Unavailable,0,0,0,Unavailable,2020-09-08,19:44:08,Unavailable,Unavailable,Unavailable,Unavailable,Unavailble,Unavailable,Unavailable,meta-9bqKRWYAvdXJ.json,9b,RREEPPLLAACCEE/9b/qK/9bqKRWYAvdXJ.mp4,RREEPPLLAACCEE/9b/qK/9bqKRWYAvdXJ_small.mp4
Unavailable,0,0,0,Unavailable,2021-01-09,15:48:31,Unavailable,Unavailable,Unavailable,Unavailable,Unavailble,Unavailable,Unavailable,meta-9bqMWdl2gXg7.json,9b,RREEPPLLAACCEE/9b/qM/9bqMWdl2gXg7.mp4,RREEPPLLAACCEE/9b/qM/9bqMWdl2gXg7_small.mp4
Unavailable,0,0,0,Unavailable,2020-11-26,23:05:04,Unavailable,Unavailable,Unavailable,Unavailable,Unavailble,Unavailable,Unavailable,meta-9bqTl4hawdbl.json,9b,RREEPPLLAACCEE/9b/qT/9bqTl4hawdbl.mp4,RREEPPLLAACCEE/9b/qT/9bqTl4hawdbl_small.mp4
Unavailable,0,0,0,Unavailable,2020-12-30,21:49:14,Unavailable,Unavailable,Unavailable,Unavailable,Unavailble,Unavailable,Unavailable,meta-9bqaBDiQmCCV.json,9b,RREEPPLLAACCEE/9b/qa/9bqaBDiQmCCV.mp4,RREEPPLLAACCEE/9b/qa/9bqaBDiQmCCV_small.mp4
Unavailable,0,0,0,Unavailable,2020-08-11,02:27:50,Unavailable,Unavailable,Unavailable,Unavailable,Unavailble,Unavailable,Unavailable,meta-9bqkL848zaG0.json,9b,RREEPPLLAACCEE/9b/qk/9bqkL848zaG0.mp4,RREEPPLLAACCEE/9b/qk/9bqkL848zaG0_small.mp4
Unavailable,0,0,0,Unavailable,2020-12-13,00:53:27,Apple,iPhone 12 Pro,Unavailable,Unavailable,Unavailble,Unavailable,Unavailable,meta-9brcVfLF5oiX.json,9b,RREEPPLLAACCEE/9b/rc/9brcVfLF5oiX.mp4,RREEPPLLAACCEE/9b/rc/9brcVfLF5oiX_small.mp4
Unavailable,0,0,0,Unavailable,0000-00-00,00:00:00,Unavailable,Unavailable,Unavailable,Unavailable,Unavailble,Unavailable,Unavailable,meta-9brtis8V5iO4.json,9b,RREEPPLLAACCEE/9b/rt/9brtis8V5iO4.mp4,RREEPPLLAACCEE/9b/rt/9brtis8V5iO4_small.mp4
Unavailable,0,0,0,Unavailable,2020-12-07,00:52:41,Apple,iPhone 6s,Unavailable,Unavailable,Unavailble,Unavailable,Unavailable,meta-9bs1oH49WVm6.json,9b,RREEPPLLAACCEE/9b/s1/9bs1oH49WVm6.mp4,RREEPPLLAACCEE/9b/s1/9bs1oH49WVm6_small.mp4
Unavailable,0,0,0,Unavailable,2020-08-04,21:39:47,Unavailable,Unavailable,Unavailable,Unavailable,Unavailble,Unavailable,Unavailable,meta-9bsAs2nLND74.json,9b,RREEPPLLAACCEE/9b/sA/9bsAs2nLND74.mp4,RREEPPLLAACCEE/9b/sA/9bsAs2nLND74_small.mp4
Unavailable,0,0,0,Unavailable,0000-00-00,00:00:00,Unavailable,Unavailable,Unavailable,Unavailable,Unavailble,Unavailable,Unavailable,meta-9bsMR1AkC0Rn.json,9b,RREEPPLLAACCEE/9b/sM/9bsMR1AkC0Rn.mp4,RREEPPLLAACCEE/9b/sM/9bsMR1AkC0Rn_small.mp4
Unavailable,0,0,0,Unavailable,0000-00-00,00:00:00,Unavailable,Unavailable,Unavailable,Unavailable,Unavailble,Unavailable,Unavailable,meta-9bsc6IiZ3hdC.json,9b,RREEPPLLAACCEE/9b/sc/9bsc6IiZ3hdC.mp4,RREEPPLLAACCEE/9b/sc/9bsc6IiZ3hdC_small.mp4
Unavailable,0,0,0,Unavailable,0000-00-00,00:00:00,Unavailable,Unavailable,Unavailable,Unavailable,Unavailble,Unavailable,Unavailable,meta-9bt3RVuZ8MTG.json,9b,RREEPPLLAACCEE/9b/t3/9bt3RVuZ8MTG.mp4,RREEPPLLAACCEE/9b/t3/9bt3RVuZ8MTG_small.mp4
Unavailable,0,0,0,Unavailable,2020-09-21,20:53:43,Unavailable,Unavailable,Unavailable,Unavailable,Unavailble,Unavailable,Unavailable,meta-9btXeo9UMHZQ.json,9b,RREEPPLLAACCEE/9b/tX/9btXeo9UMHZQ.mp4,RREEPPLLAACCEE/9b/tX/9btXeo9UMHZQ_small.mp4
Unavailable,0,0,0,Unavailable,2020-11-20,20:01:27,Unavailable,Unavailable,Unavailable,Unavailable,Unavailble,Unavailable,Unavailable,meta-9buTK6ejMGSN.json,9b,RREEPPLLAACCEE/9b/uT/9buTK6ejMGSN.mp4,RREEPPLLAACCEE/9b/uT/9buTK6ejMGSN_small.mp4
Unavailable,0,0,0,Unavailable,2020-12-10,22:12:27,Unavailable,Unavailable,Unavailable,Unavailable,Unavailble,Unavailable,Unavailable,meta-9bvAs9Hwfd3t.json,9b,RREEPPLLAACCEE/9b/vA/9bvAs9Hwfd3t.mp4,RREEPPLLAACCEE/9b/vA/9bvAs9Hwfd3t_small.mp4
Unavailable,0,0,0,Unavailable,2020-11-09,14:40:20,Apple,iPhone 8,Unavailable,Unavailable,Unavailble,Unavailable,Unavailable,meta-9bvK631ssAPg.json,9b,RREEPPLLAACCEE/9b/vK/9bvK631ssAPg.mp4,RREEPPLLAACCEE/9b/vK/9bvK631ssAPg_small.mp4
Unavailable,0,0,0,Unavailable,0000-00-00,00:00:00,Unavailable,Unavailable,Unavailable,Unavailable,Unavailble,Unavailable,Unavailable,meta-9bw2q67iJNTi.json,9b,RREEPPLLAACCEE/9b/w2/9bw2q67iJNTi.mp4,RREEPPLLAACCEE/9b/w2/9bw2q67iJNTi_small.mp4
Unavailable,0,0,0,Unavailable,2020-09-16,23:07:57,Unavailable,Unavailable,Unavailable,Unavailable,Unavailble,Unavailable,Unavailable,meta-9bwhSZgQS6u7.json,9b,RREEPPLLAACCEE/9b/wh/9bwhSZgQS6u7.mp4,RREEPPLLAACCEE/9b/wh/9bwhSZgQS6u7_small.mp4
Unavailable,0,0,0,Unavailable,2020-09-27,17:17:59,Apple,iPhone 6s,Unavailable,Unavailable,Unavailble,Unavailable,Unavailable,meta-9bxkaZfekD3g.json,9b,RREEPPLLAACCEE/9b/xk/9bxkaZfekD3g.mp4,RREEPPLLAACCEE/9b/xk/9bxkaZfekD3g_small.mp4
Unavailable,0,0,0,Unavailable,2020-09-30,17:59:50,Unavailable,Unavailable,Unavailable,Unavailable,Unavailble,Unavailable,Unavailable,meta-9byD4nh51a2e.json,9b,RREEPPLLAACCEE/9b/yD/9byD4nh51a2e.mp4,RREEPPLLAACCEE/9b/yD/9byD4nh51a2e_small.mp4
Unavailable,0,0,0,Unavailable,0000-00-00,00:00:00,Unavailable,Unavailable,Unavailable,Unavailable,Unavailble,Unavailable,Unavailable,meta-9byhIYcvuUJp.json,9b,RREEPPLLAACCEE/9b/yh/9byhIYcvuUJp.mp4,RREEPPLLAACCEE/9b/yh/9byhIYcvuUJp_small.mp4
Unavailable,0,0,0,Unavailable,2020-10-21,12:49:57,Unavailable,Unavailable,Unavailable,Unavailable,Unavailble,Unavailable,Unavailable,meta-9bz590dXJ0Sg.json,9b,RREEPPLLAACCEE/9b/z5/9bz590dXJ0Sg.mp4,RREEPPLLAACCEE/9b/z5/9bz590dXJ0Sg_small.mp4
Unavailable,0,0,0,Unavailable,0000-00-00,00:00:00,Unavailable,Unavailable,Unavailable,Unavailable,Unavailble,Unavailable,Unavailable,meta-9bzFk3u1IbMf.json,9b,RREEPPLLAACCEE/9b/zF/9bzFk3u1IbMf.mp4,RREEPPLLAACCEE/9b/zF/9bzFk3u1IbMf_small.mp4
